create db_product;

show databases;

use db_product;

select @@GLOBAL.time_zone
SET GLOBAL time_zone = '+7:00';


select * from product;
desc product;
desc category;


create table tbl_user (
id_user int not null primary key AUTO_INCREMENT,
email varchar(225) not null,
password varchar(20) not null);

insert into tbl_user (id_user, email, password) values
(1, 'erna9470@gmail.com', 'erna', 'abc123'),
(2, 'nadachai1811@gmail.com', 'nada', 'abc1234'),
(3, 'zalita284@gmail.com', 'zalita', 'abc45'),
(4, 'pritafauziah@gmail.com', 'prita', 'abc1'),
(5, 'ullyanadda@gmail.com', 'ullya', 'abc12');


create table category (id_category int not null PRIMARY KEY AUTO_INCREMENT, 
nama_category varchar(225) not null, 
parent_id int not null);


create table product (
id_product int not null PRIMARY KEY AUTO_INCREMENT,
id_category int not null,
nama_product varchar(225) not null,
deskripsi_product text,
harga_product decimal not null,
image_link varchar(225) not null,
foreign key (id_category) references category(id_category));


insert into category (id_category, nama_category, parent_id) values
(1, 'fashion wanita', 0),
(2, 'fashion pria', 0),
(11, 'atasan', 1),
(12, 'celana', 1),
(13, 'tas', 1),
(14, 'sepatu', 1),
(21, 'atasan', 2),
(22, 'celana', 2),
(23, 'tas', 2),
(24, 'sepatu', 2),
(111, 'kemeja', 11),
(112, 'Tanktop', 11),
(113, 'kaos', 11),
(121, 'celana panjang', 12),
(122, 'celana pendek', 12),
(123, 'celana jeans', 12),
(131, 'hand bag', 13),
(132, 'selempang', 13),
(133, 'back pack', 13),
(141, 'sneakers', 14),
(142, 'heels', 14),
(143, 'flat shoes', 14),
(211, 'kemeja', 21),
(212, 'kaos', 21),
(213, 'polo shirt', 21),
(221, 'celana panjang', 22),
(222, 'celana pendek', 22),
(223, 'celana jeans', 22),
(231, 'clutch', 23),
(232, 'selempang', 23),
(233, 'back pack', 23),
(241, 'sneakers', 24),
(242, 'sepatu sandal', 24),
(243, 'pantofel', 24);


insert into product (id_product, id_category, nama_product, deskripsi_product, harga_product, image_link) values
(1, 111,'Kemeja Flanel Pink', 'Bahan Flanel | LD : 94cm | P : 51cm', 69500, 'https://www.tokopedia.com/pikoid/471-kemeja-flanel-pink-flanel-ikat-flanel-murah-kemeja-navy?trkid=f=Ca1770L000P0W0S0Sh00Co0Po0Fr0Cb0_src=directory_page=1_ob=24_q=_po=9_catid=1770'),
(2, 111, 'Kemeja Line Shirt by Neve Label', 'All size fit to L Bahan: WoolPeach P : 63cm , Ld : 94cm', 86000, 'https://ecs7.tokopedia.net/img/cache/700/attachment/2019/2/7/154950919962556/154950919962556_552cccc1-7c0a-4ab5-88fd-e79d45bbc6e7.png'),
(3, 111, 'kemeja wanita katun rayon hijau tua', 'Allsize Fit to L Kecil Bahan katun', 42000, 'https://ecs7.tokopedia.net/img/cache/700/product-1/2018/4/20/12186374/12186374_0d480c11-e491-47e3-9fb6-eb7c3641246c_1000_1000.jpg'),
(4, 111, 'KEMEJA JUMBO POLUR NAVY ATASAN WANITA', 'BAHAN KATUN SALUR + BORDIR , FIT TO XXL , LD 116 PJ 75 , TANGAN 7PER8 ADA SKODER', 62000, 'https://ecs7.tokopedia.net/img/cache/700/product-1/2018/11/7/711578/711578_33540eb4-77dd-44ff-9fae-53cd0bef5dff_1000_1000.jpg'),
(5, 111, 'kemeja wanita twiscont putih dan abu abu', 'bahan twiscont , 1 ukuran fit L+ , ld 96 cm', 40000, 'https://ecs7.tokopedia.net/img/cache/700/product-1/2017/8/22/12186374/12186374_95447339-75ba-45fa-aeec-798cfde8668b_404_404.jpg'),
(6, 111, 'kemeja wanit katun hitam', 'Allsize Fit to L Kecil Bahan katun', 44000, 'https://ecs7.tokopedia.net/img/cache/700/product-1/2017/8/22/12186374/12186374_39a36ffd-6afd-4aa8-89d4-a7c333ad9ed1_640_480.jpg'),
(7, 111, 'KEMEJA WANITA WARNA KUNING TERANG', 'STANDARD LD 94CM, PANJANG 70CM BAHAN : COTTON RAYON', 68000, 'https://ecs7.tokopedia.net/img/cache/700/product-1/2017/6/3/333921/333921_7e68fc1d-519d-4e43-8543-9f0ba6abdd12.jpg'),
(8, 111, 'Baju Wanita Atasan Wanita Kemeja Terbaru Katun', 'Bahan Katun Fit to L Good Quality', 49000, 'https://ecs7.tokopedia.net/img/cache/700/product-1/2018/5/13/0/0_2bf909d0-42d2-4fc0-b8ed-d465e7dda085_640_640.jpg'),
(9, 111, 'BAJU KEMEJA KERJA KANTOR WANITA', 'Bahan: Twiscone Size: Fit to L Warna: Abu, Coklat, Putih, Navy', 49000, 'https://ecs7.tokopedia.net/img/cache/700/product-1/2018/10/19/308950696/308950696_1e48c8dd-5d47-4f3d-b37b-8d9889309fae_640_640.jpg'),
(10, 111, 'KOTAKO / TERMURAH / SQUARE / wanita / Hem / Kemeja / Kotak / Jumbo', 'Bahan Katun Bangkok ukuran Fit xL LD100 Lengan panjang skudel', 77000, 'https://ecs7.tokopedia.net/img/cache/700/product-1/2018/4/28/2134990/2134990_f8cfd82d-ab1d-41a5-949f-3494e7d53682_700_700'),
(11, 111, 'kemeja terbaru hem love eye baju atasan wanita', 'Allsize Fit to L Kecil Bahan rajut import', 63000, 'https://ecs7.tokopedia.net/img/cache/700/product-1/2016/2/3/849600/849600_b1293a7f-85c1-4160-8e56-c7fa718d7e31.jpg'),
(12, 111, 'Atasan Kemeja', 'Bahan katun lingkar dada 98 cm panjang 73 cm lingkar ketiak 46 cm kancing depan full', 82000, 'https://ecs7.tokopedia.net/img/cache/700/attachment/2019/2/7/154952188021732/154952188021732_1d5cca2a-5c63-4275-914e-5c906d6400ad.png'),
(13, 111, 'Baju kemeja wanita kem talita - Biru Muda', 'Bahan: Twistcone Ukuran fit to L', 62000, 'https://ecs7.tokopedia.net/img/cache/700/product-1/2019/1/26/5292573/5292573_aeedbe9d-e6ba-42e1-a6df-01a2e27c10e8_1043_1043.jpg'),
(14, 111, 'Kemeja Wanita Putih Polos Big Size', 'Bahan wolpeach LD 104cm Pjg 60cm', 55000, 'https://ecs7.tokopedia.net/img/cache/700/product-1/2019/1/22/5268616/5268616_6d0bca2d-b522-48a6-9870-c31ac67254e8_760_760.jpg'),

(15, 111, 'Kemeja Korea Besar - Blue Stripe Pocket Shirt', 'Size M.L', 118000, 'https://ecs7.tokopedia.net/img/cache/700/product-1/2019/2/2/5125197/5125197_08b2b2d5-1b5c-485a-898c-3cf11b82637f_600_600.jpg'),
(16, 111, 'Kemeja Denim Old Navy Classic Chambray Women', 'Old Navy Classic Chambray Denim Shirt Womens ready stock size S -XL', 125000, 'https://ecs7.tokopedia.net/img/cache/700/product-1/2018/8/1/0/0_03149f71-5ca3-49a5-8434-39d818a94b9e_1080_1350.jpg'),
(17, 111, 'kemeja tali ikat katun semi flanel jungkis kotak tartan', 'bahan katun semi flanel bukaan kancing Size : ld:92 cm pj:48cm', 75000, 'https://ecs7.tokopedia.net/img/cache/700/product-1/2018/12/29/253835/253835_0b0c9b0c-ab1c-41e7-9c81-d4a55cac824f_1000_1000.jpg'),
(18, 111, 'Atasan Wanita 207 - Baju Kemeja Wanita 207 - Putih', 'Ukuran : Allsize fit to L Bahan : twiscone, pita hidup', 559000, 'https://ecs7.tokopedia.net/img/cache/700/product-1/2019/1/15/46277426/46277426_f5465a49-5820-4ecb-9ed7-b36dcb0657b1_700_700.jpg'),
(19, 111, 'Kemeja Wanita Elegant - Putih', 'Allsize Fit to L Kecil Bahan katun arab', 120000, 'https://ecs7.tokopedia.net/img/cache/700/product-1/2016/9/15/1743065/1743065_9274c3aa-e70d-40e6-9df1-9fe1c449c57f.jpg'),
(20, 111, 'kemeja wanita wollpeach coklat susu - Biru', 'bahan twistcone, all size fit to L detail:48cm x 60cm', 48000, 'https://ecs7.tokopedia.net/img/cache/700/product-1/2018/11/1/240277/240277_32b07b9f-8399-4ae3-9a3d-fbe6cbd48686_480_480.jpg'),
(21, 111, 'kemeja polkadot wanita baju kerja kantor formal', 'Bahan twiscone fit L kancing hidup', 125000, 'https://ecs7.tokopedia.net/img/cache/700/product-1/2019/1/1/4479814/4479814_865c08d1-e73d-47dc-a35e-b482ccb238a1_350_350.jpg'),
(22, 111, 'Kemeja wanita slevy - Hijau', 'Bahan: Katun Ld : 114 cm Ukuran fit to L', 67000, 'https://ecs7.tokopedia.net/img/cache/700/product-1/2019/1/30/5292573/5292573_c8f3a6a5-de96-4da5-a3a8-a6738950b055_640_640.jpg'),
(23, 111, 'KOREAN STYLE SHIRT CHESS PATTERN KEMEJA SABRINA', 'Bahan : Cotton Size : All Size Fit to L', 57000, 'https://ecs7.tokopedia.net/img/cache/700/product-1/2019/1/26/8854606/8854606_7e223dd4-de13-43d0-a5bc-8e24083ec92b_800_800.jpg'),
(24, 111, 'NOSH Kemeja Keinara Korean Style', 'Ukuran all size fit to M', 55000, 'https://ecs7.tokopedia.net/img/cache/700/product-1/2018/2/21/7502468/7502468_27895471-6232-4675-9a80-3444d947f17e_1528_1390.jpg'),
(25, 111, 'Kemeja Wanita Kombinasi Salur Good Quality Katun', 'Material: cotton premium Free size fit to L Ld: 96-100 Pj: 62', 85000, 'https://ecs7.tokopedia.net/img/cache/700/product-1/2018/10/25/7095752/7095752_c5ad1526-ac71-488a-ba63-9d5a7dcd0166_2048_2048.jpg'),
(26, 112, 'Plain Tanktop Rajut Tank Top Polos Kamisol Bralette', 'Bahan rajut premium, elastis dan lembut Ukuran allsize muat sampai 36', 59000, 'https://ecs7.tokopedia.net/img/cache/700/product-1/2018/4/11/26566840/26566840_532c169a-210c-403c-8689-bf14615ee69d_1024_1024.jpg'),
(27, 112, 'Tank Top Tali Kecil / Tali L - Singlet', 'Ukuran : M Bahan : Stretch Cotton', 10400, 'https://ecs7.tokopedia.net/img/cache/700/product-1/2018/8/16/5236300/5236300_b718e7f7-4d26-49e9-87b8-45a780ff5aa3_683_683.jpg'),
(28, 112, 'Tank Top Twiscone Premium Bangkok', 'Bahan : TWISCONE Size : FIT TO L', 115000, 'https://ecs7.tokopedia.net/img/cache/700/product-1/2019/2/1/46540339/46540339_49c8fcc3-da9a-400e-8f75-e375db6faee6_2048_3072.jpg'),
(29, 112, 'Caged Back Tanks - Tanktop Wanita', 'size XXL : lingkar dada 102 - 112 panjang 72', 15000, 'https://ecs7.tokopedia.net/img/cache/700/product-1/2018/6/8/1975370/1975370_1c95a02e-4f3b-423c-88ea-09616d4f6689_800_800.jpg'),
(30, 112, 'Tank Top Busa 2088', 'SIZE : FREE Lebar badan 34cm, Lebar dada 36cm, Panjang 35cm', 45000, 'https://ecs7.tokopedia.net/img/cache/700/product-1/2017/12/21/0/0_b8d0a3b5-94ee-464c-8f7f-2cf65e529593_750_750.jpg'),
(31, 112, 'Tank top turtleneck', 'Bahan. : Spandex Ukuran : fit to L Warna. : Sesuai gambar', 21000, 'https://ecs7.tokopedia.net/img/cache/700/product-1/2017/5/22/17748915/17748915_cc28948d-7bee-479e-beee-5a0e4242f51e_700_700.jpg'),
(32, 112, 'Tank Top/ Sexy Korean TankTop - Putih', 'HL138 Tank Top/ Sexy Korean TankTop', 39000, 'https://ecs7.tokopedia.net/img/cache/700/product-1/2019/2/19/400403264/400403264_da7a4db3-f4ca-45cb-a436-1a5e60f2eef1_543_543.jpg'),
(33, 112, 'Crop Top Tanktop - Hitam', 'Bahan: Rayon/Span Warna: Hitam, Putih', 29000, 'https://ecs7.tokopedia.net/img/cache/700/product-1/2019/2/14/314955633/314955633_cd4959f6-3cda-4ad5-9feb-ab207d83c657_640_640.jpg'),
(34, 112, 'Kendal Crop Top Black', 'Material: cotton premium Free size fit to L, Ld: 96-100, Pj: 62', 80000, 'https://ecs7.tokopedia.net/img/cache/700/product-1/2018/11/29/3923508/3923508_b284003f-4324-499a-af54-d56efdd998f4_640_640.jpg'),
(35, 112, 'Tanktop Renda Sorex Camisol', 'Allsize fit XL. Bahan viscose', 60000, 'https://ecs7.tokopedia.net/img/cache/700/product-1/2015/12/20/752463/752463_6e6d8cd8-9a4b-4cdc-a606-200e3f3874ac.jpg'),
(36, 112, 'Vneck Loose Cami - Tanktop Wanita Promo', 'Bahan katuntali bsa diadjust (panjang baju diukur tanpa tali)Size XXS', 87500, 'https://ecs7.tokopedia.net/img/cache/700/product-1/2018/1/31/12761663/12761663_f75c03cd-e9f2-435e-94f1-78e1a52f6b74_700_700.jpg'),
(37, 112, 'baju / kaos / tanktop / rajut / tank top rajut / kaos rajut', 'Rajut good quality fit L', 86000, 'https://ecs7.tokopedia.net/img/cache/700/product-1/2018/7/27/11247259/11247259_fc7849ba-e28b-4b09-95c4-0d56a45b5a9c_1125_709.jpg'),
(38, 112, 'Tanktop putih-coklat-pink', 'Material: cotton premium Free size fit to L Ld: 96-100 Pj: 62', 117000, 'http://tokobajuaisyah.com/wp-content/uploads/2018/07/1012ed3e4d0edf3d3fba733ef243ec0b.jpg'),
(39, 112, 'Women Sexy Slim Fit Top', 'Material: cotton premium Free size fit to L Ld: 96-100 Pj: 62', 120000, 'https://ecs7.tokopedia.net/img/cache/700/product-1/2018/4/24/0/0_a2780af2-c2e6-4bdd-a56a-54e83aaeab52_720_724.jpg'),
(40, 112, 'Tanktop Rajut Baju Wanita / Tank Top Knitted', 'Allsize Fit to L kecil Bahan rajut import', 60000, 'https://ecs7.tokopedia.net/img/cache/700/attachment/2018/11/10/154186485859097/154186485859097_d2efaf09-89a3-4174-aba7-c56d0ca1b3ef.png'),
(41, 112, 'Kemeja Wanita Kombinasi Salur Good Quality Katun', 'Material: cotton premium, Free size fit to L, Ld: 96-100, Pj: 62', 85000, 'https://ecs7.tokopedia.net/img/cache/700/product-1/2018/10/25/7095752/7095752_c5ad1526-ac71-488a-ba63-9d5a7dcd0166_2048_2048.jpg'),
(42, 112, 'Baju Atasan Rajut Sexy Halter Tank Top Blouse Korea Import', 'Soft cotton knit bust 66 - 92 length 45, fit size : S - L', 173000, 'https://s3.bukalapak.com/img/3280689773/w-1000/Baju_Atasan_Rajut_Sexy_Halter_Tank_Top_Blouse_Korea_Import_A.jpg.webp'),
(43, 112, 'Tanktop Hitam Baju Rajut Baju Orange Atasan Sexy', 'COTTON RIB bust 68 length 37 Warna: Hitam, Putih, Coklat, Orange', 98000, 'https://s2.bukalapak.com/img/2775889361/w-300/816076_0e4f536d_509e_4bf3_b4df_24e69ea6db98_2048_0.jpeg.webp'),
(44, 112, 'Camisol Tank Top Murah Bralette', 'Bust 95cm, Panjang 50cm, Lengan 10cm, fit S-M', 162000, 'https://s3.bukalapak.com/img/8093255093/w-1000/SORA_Croptop_tanktop_rajut_wanita_sexy_camisol_tank_top_mura.jpg.webp'),
(45, 112, 'Baju Tanktop Wanita Seksi', 'Material: cotton premium Free size fit to L Ld: 96-100 Pj: 62', 85000, 'https://gd.image-gmkt.com/GUDANG-FASHION-BAJU-TANKTOP-WANITA-SEKSI-TNP-181/li/862/002/844002862.g_400-w_g.jpg'),
(46, 112, 'Model Nikde Flex Swoosh Tank Top', 'Material: Kaos Free size fit to L', 150000, 'https://3.bp.blogspot.com/-xJVcYfymyZ0/VyU2Lds67WI/AAAAAAAABN8/AQJS_ZShPUcYxtfQF7AdU6CbYp-tj4xIACLcB/s1600/Model%2BNikde%2BFlex%2BSwoosh%2BTank%2BTop%2BMurah%2BTerbaru%2B2016.jpg'),
(47, 112, 'Model Dalaman Tank Top Sexy Wanita Masa Kini', 'Material: cotton premium Free size fit to L', 85000, 'https://4.bp.blogspot.com/-2rhRVSgeMz4/VyU2HXjSDBI/AAAAAAAABNw/HMtJ5F6NYzIHkVURhMLzhHFgVYiZiyVbQCLcB/s640/Model%2BDalaman%2BTank%2BTop%2BSexy%2BWanita%2BMasa%2BKini.jpg'),
(48, 112, 'Womens Fashion Velvet Tank Tops', 'Material: cotton premium Free size fit to L Ld: 96-100 Pj: 62', 85000, 'https://images-na.ssl-images-amazon.com/images/I/517MN-VQzuL._UX679_.jpg'),
(49, 112, 'Tenk top Hitam', 'Measures 56cm from shoulder to hem,True to size', 150000, 'https://images-na.ssl-images-amazon.com/images/I/51hlwaR%2BimL._UY879_.jpg'),
(50, 112, 'Sexy V Neck Crop Top Elegant', 'Material: cotton premium Free size fit to L Ld: 96-100 Pj: 62', 100000, 'https://images-na.ssl-images-amazon.com/images/I/71hQSGr1s2L._UX679_.jpg'),
(51, 113, 'Kaos Wanita Lengan Pendek Supreme', 'Warna: sesuai gambar Ukuran : ALL SIZE FIT TO L', 33000, 'https://ecs7.tokopedia.net/img/cache/700/product-1/2017/9/15/3453155/3453155_988069f4-d4c6-43ec-b084-74b423bfb0ca_1500_1500.jpg'),
(52, 113, 'Wanita Kaos Fashion Lengan Pendek', 'Warna: sesuai gambar Ukuran : ALL SIZE FIT TO L Bahan: Cotton combed 30s', 75000, 'http://imcut.jollychic.com//uploads/jollyimg/imageLibrary/201805/6XY/29/IL201805291524033748.jpg_210x280x80.jpg'),
(53, 113, 'Baju Kaos T-Shirt Wanita Black', 'Bahan : Soft Cotton, Berat : 160 g, Ukuran : S M L XL', 86500, 'https://ecs7.tokopedia.net/img/cache/700/product-1/2018/4/7/1491638/1491638_72ee5dc2-5e8b-4ac7-bb66-d81d6d3b5c84.jpg'),
(54, 113, 'HH-V Rainbow', 'Bahan spandek Fit to L', 50000, 'https://ecs7.tokopedia.net/img/cache/700/product-1/2018/11/19/3070919/3070919_d05a41fe-ecea-4bf9-a66a-efe9836183b3_700_700.jpg'),
(55, 113, 'Kaos Kartun Korea / Printed T-Shirt', 'Bahan spandek Fit to L', 39000, 'https://ecs7.tokopedia.net/img/cache/700/product-1/2017/6/17/1697149/1697149_9e706bd8-a0b0-4755-a738-93097038ebb8'),
(56, 113, 'Kaos Wanita Lengan Pendek Be Kind Warna Pink', 'Ukuran : ALL SIZE FIT TO L, LD (lingkar dada): 90 cm, P (panjang): 60 cm', 35000, 'https://ecs7.tokopedia.net/img/cache/700/product-1/2018/4/11/3453155/3453155_758b610e-bd90-4e27-ab23-474ebbc36cce_800_800.jpg'),
(57, 113, 'Baju wanita tevy stripe - Biru Muda', 'Bahan: Baby terry Ukuran fit to L', 62000, 'https://ecs7.tokopedia.net/img/cache/700/product-1/2019/1/30/5292573/5292573_357b1e2f-21cc-4321-8d97-3189c8cb098e_1045_1045.jpg'),
(58, 113, 'Kaos / Tumblr Tee / T-Shirt Wanita / Cewek Celine Body', 'Allsize fit to L, Ready warna: Putih Only', 36999, 'https://ecs7.tokopedia.net/img/cache/700/product-1/2018/3/2/7256480/7256480_857cbaf8-8e4d-4f0c-9168-b5957fc2a2d5_1280_1280.jpg'),
(59, 113, 'Sexy Tshirt/Kaos Sexy - Hitam', 'Bahan: Rayon/Span, Warna: Hitam, Abu, Putih', 39000, 'https://ecs7.tokopedia.net/img/cache/700/product-1/2018/2/5/0/0_79e99d3e-f28a-46ad-92df-c4f1ba4560fc_640_640.jpg'),
(60, 113, 'sabrina vriska atasan blouse wanita', '- Bahan : Twistcone Tebal - Lingkar Badan : 82cm - Pj Pakaian : 47cm', 45000, 'https://ecs7.tokopedia.net/img/cache/700/product-1/2018/10/11/36103061/36103061_082476c1-2bc4-4281-b398-a0f837f62a27_952_952.jpg'),
(61, 113, 'kaos panjang gucci wanita', 'Gucci Pajang Matt spandek soft, fit to L', 102000, 'https://ecs7.tokopedia.net/img/cache/700/product-1/2019/1/30/5318652/5318652_a7811134-4f05-4ab8-840f-691bb55582ee_480_480.jpg'),
(62, 113, 'Baju Atasan Kaos Branded Murah - Grey', 'FL Colorblock Unisex Tee Bahan : Cotton', 85000, 'https://ecs7.tokopedia.net/img/cache/700/product-1/2018/12/7/22973687/22973687_02540c2a-315a-4e27-baa1-189393c78874_1280_1322.jpg'),
(63, 113, 'Kaos Wanita Lengan Pendek Marshmello Warna Pink', 'Ukuran : ALL SIZE FIT TO L Bahan: Cotton combed 30s', 35000, 'https://ecs7.tokopedia.net/img/cache/700/product-1/2018/4/11/3453155/3453155_b37045c1-6493-4d70-8674-db46450fd6fa_800_800.jpg'),
(64, 113, 'KAOS SANTAI CROP TALI HIJAU TOSCA KAOS WANITA', 'Type : Kaos, Warna : HIJAU TOSCA Material : COTTON SPANDEK', 71250, 'https://ecs7.tokopedia.net/img/cache/700/product-1/2019/2/7/45569640/45569640_25df3a8d-0411-4265-b5b0-da32d35cd77f_1000_1000.jpg'),
(65, 113, 'Shirt Atasan Kemeja Wanita putih - Biru', 'Bahan: Cotton S : bust 88 length 60, M L XL', 150000, 'https://ecs7.tokopedia.net/img/cache/700/product-1/2018/3/29/649789/649789_a1eb4424-8d06-404f-840f-60c85e9aba74_525_527.png'),
(66, 113, 'Baju Atasan Wanita Muslim - Kuning', 'Bahan : monalisa, Ld 100 pj 65', 105000, 'https://ecs7.tokopedia.net/img/cache/700/product-1/2019/1/8/15427365/15427365_faccd582-c7a6-4120-b150-6dcfab66218e_448_437.jpg'),
(67, 113, 'Blouse Wanita Lengan Panjang Bonita 917', 'Ukuran : Allsize fit to L Bahan : Katun Salur Motif aseli', 59000, 'https://ecs7.tokopedia.net/img/cache/700/product-1/2018/12/8/42604900/42604900_94063091-86a3-48ee-95d1-bea7cc12d368_700_700.jpg'),
(68, 113, 'Blouse Katun putih berkualitas - Putih', 'Original : China. Material : Cotton. M : Bust 93cm Sleeve 46cm Length 55-63cm. L : Bust 95cm Sleeve 47cm Length 57-64cm', 178000, 'https://ecs7.tokopedia.net/img/cache/700/product-1/2018/6/20/34787643/34787643_d152e498-dc05-4889-a704-a5af8501830c_750_711.jpg'),
(69, 113, 'miaw navi atasan cewe kaos sweater', 'vl_miaw navy 46 Bahan babyteri,uk fit L', 46000, 'https://ecs7.tokopedia.net/img/cache/700/product-1/2017/11/15/0/0_7cb4e6e3-f09a-47ae-88c3-2a3bae9c4b19_537_614.jpg'),
(70, 113, 'Baju Blouse Kerja Wanita 916 - Hitam', 'Ukuran : Allsize fit to L. Bahan : Katun Kotak', 52900, 'https://ecs7.tokopedia.net/img/cache/700/product-1/2018/12/8/42604900/42604900_7d0d5d86-843c-4f6b-95f6-45ca17d15755_700_700.jpg'),
(71, 113, 'Blouse Free Belt', 'Bahan Top : Wolfis Ukuran : Fit to L', 65000, 'https://ecs7.tokopedia.net/img/cache/700/product-1/2019/2/23/5430261/5430261_c404b095-8515-43b3-bdc4-62f4fe907fc8_2048_2048.jpg'),
(72, 113, 'MEGHAN STRIPE TOP - MACADAMIA HOUSE', 'P : 74 CM. ALL SIZE FIT S-L', 88000, 'https://ecs7.tokopedia.net/img/cache/700/product-1/2019/2/20/8734031/8734031_408bb936-0d50-49d8-847f-ef8581cfeab2_1080_1080.jpg'),
(73, 113, 'ALMA HALF OFF SHOULDER TOP - MACADAMIA HOUSE', 'P : 76 CM. ALL SIZE FIT S-L. TERSEDIA WARNA : BLACK, WHITE', 99000, 'https://ecs7.tokopedia.net/img/cache/700/product-1/2019/2/20/8734031/8734031_94119465-53b4-40cb-b467-a5af6fedb5b7_1080_1080.jpg'),
(74, 113, 'VIVI SWEATER KNIT', 'P: 57CM. LD: 106-114CM. ALLSIZE FIT S-L', 110000, 'https://ecs7.tokopedia.net/img/cache/700/product-1/2018/1/10/22568532/22568532_fe4c3012-08f8-4e6d-84ea-aece75590402_1000_1000.jpg'),
(75, 113, 'INSTYLE BY SURI-Velove Top Maroon', '- Material : Cotton Strecth', 105000, 'https://ecs7.tokopedia.net/img/cache/700/product-1/2018/12/4/29785589/29785589_b9b7214b-ca20-48fd-9057-2b398d661605_762_1100.jpg'),
(76, 122, 'Celana Kulot Pendek Jumbo', 'BAHAN : CREPE (bertekstur kulit jeruk, bisa melar lentur)', 48500, 'https://ecs7.tokopedia.net/img/cache/700/product-1/2018/11/19/1605739/1605739_11429179-a47f-48f9-b2fb-280d2e31e32e_640_640.jpg'),
(77, 122, 'Short Pants Woman', 'BAHAN : CREPE (bertekstur kulit jeruk, bisa melar lentur)', 25000, 'https://ecs7.tokopedia.net/img/cache/700/product-1/2018/6/21/4571614/4571614_94c453c4-eea8-4379-9839-b5026dd8089b_640_640.jpg'),
(78, 122, 'Celana wanita love pants - Hitam', 'Baham wollcrepe Ukuran freesize pinggang karet', 65000, 'https://ecs7.tokopedia.net/img/cache/700/product-1/2018/12/2/3685659/3685659_9515c0e2-a6d9-425b-983a-5a1cd402c1b5_1038_1038.jpg'),
(79, 122, 'Yoenik Apparel Karel Short Kullote Gray', 'Ukuran: All Size/Free Size Bahan: Creap', 105000, 'https://ecs7.tokopedia.net/img/cache/700/product-1/2018/11/21/15595319/15595319_abacb257-40d2-4717-bbc2-6e75d205dc60_1100_1100.jpg'),
(80, 122, 'CELANA JEANS PENDEK | CELANA TANGGUNG - Navy', 'Soft Jeans Strech. Tidak Berbulu', 105000, 'https://ecs7.tokopedia.net/img/cache/700/product-1/2018/7/10/3076394/3076394_580fa516-9117-4740-aa60-9f16bf546bb0_1280_1280.jpg'),
(81, 122, 'Shorts Pants Celana Pendek Santai Beach', 'Color: White, Black(As Picture Show. Size: One size. Waist:62-86cm Length:58cm Hips:62-86cm', 59000, 'https://ecs7.tokopedia.net/img/cache/700/product-1/2018/9/21/38522175/38522175_8437a0c3-4243-426d-a719-4c75e9303c14_700_700.jpg'),
(82, 122, 'Celana kulot pendek supernova', 'bahan : katun supernova. ukuran : Allsize', 33000, 'https://ecs7.tokopedia.net/img/cache/700/product-1/2017/12/15/0/0_21a73ba5-60a6-4948-b8a0-ef90b56ec6e8_1000_1000.jpg'),
(83, 122, 'Celana pendek bahan katun untuk Wanita - Hitam', 'Size: One size. Waist:62-86cm Length:58cm Hips:62-86cm', 85000, 'https://ecs7.tokopedia.net/img/cache/700/product-1/2018/7/20/292018326/292018326_49dae35b-c8e9-4b56-8c93-02bf7562a7f3_720_734.jpg'),
(84, 122, 'ribbon pant', 'Size: One size. Waist:62-86cm Length:58cm Hips:62-86cm', 85000, 'https://ecs7.tokopedia.net/img/cache/700/product-1/2018/7/20/292018326/292018326_49dae35b-c8e9-4b56-8c93-02bf7562a7f3_720_734.jpg'),
(85, 122, 'fashion Pants', 'Original : China Material : Denim. S : Waist 66cm Length 28cm. M : Waist 70cm Length 28cm. L : Waist 74cm Length 29cm', 105000, 'https://ecs7.tokopedia.net/img/cache/700/product-1/2017/9/30/11167737/11167737_8920e1a5-64ea-427e-a350-6cc7fe91563e_790_533.jpg'),
(86, 122, 'Celana Pendek 7/8 Skinny Jeans Wanita JSK JEANS', 'Bahan : jeans stretch. Model : 7/8 polos. Ukuran : tersedia 27 sampai 30', 100000, 'https://ecs7.tokopedia.net/img/cache/700/product-1/2018/12/18/2100363/2100363_ca24cdf4-39e5-404e-afcb-626024e12fa2_1280_1280.jpg'),
(87, 122, 'S9C AL 16112 Hp Lace', 'Bahan brukat', 103000, 'https://ecs7.tokopedia.net/img/cache/700/product-1/2019/2/21/4793506/4793506_da195a1c-7728-49da-9a09-c84515125b03'),
(88, 122, 'Pocket Casual Kulot', 'READY : BLACK SHOCK PINK MOCCAGREY HONEY', 93000, 'https://ecs7.tokopedia.net/img/cache/700/product-1/2018/6/17/2357462/2357462_388b938f-b457-48d9-aa4a-687ad105a68b_700_525.jpg'),
(89, 122, 'celana pendek wanita bergaris kaos kutang', 'celana pendek salur biru, size s', 1500000, 'https://ecs7.tokopedia.net/img/cache/700/product-1/2018/12/6/4908700/4908700_1940cc3b-1471-4cff-a9ad-19c93aef101a_720_720.jpg'),
(90, 122, 'Black,Coffee,White Max Comfy Pants', 'Cotton : length 69 waist 66 hip 92 L : length 70 waist 70 hip 94 XL : length 71 waist 74 hip 96', 101040, 'https://ecs7.tokopedia.net/img/cache/700/product-1/2018/7/18/342692/342692_c3ca9641-b49e-43ac-923e-48d32f47ec43_1080_1080.jpg'),
(91, 122, 'VICTORIA SECRET Pleated Shine Shorts Celana Pendek', 'Bahan : Polyester + Elastic Waist', 649000, 'https://ecs7.tokopedia.net/img/cache/700/product-1/2019/1/28/22973687/22973687_dac0867a-1ba3-4c03-b9d5-7d1c9c52750f_1280_1334.jpg'),
(92, 122, 'Black navy 7/8 casual stretched pants legging GQ', 'Black, navy Allsize fit to XXL (2XL) legging jumbo, melar', 105000, 'https://ecs7.tokopedia.net/img/cache/700/product-1/2018/11/4/17097994/17097994_50575d51-567b-4513-a4b9-1e91df493ea4_700_700.jpg'),
(93, 122, 'Inaya Celana kulot batik pendek 7per8', 'Terbuat dari bahan katun strecth Fit to XXL', 50000, 'https://ecs7.tokopedia.net/img/cache/700/product-1/2018/10/30/18272671/18272671_aed18153-58fa-492b-b0ca-4cf7dc5f5453_1280_1280.jpg'),
(94, 122, 'Celana Pendek Jeans Denim Sobek', 'ukuran s', 280000, 'https://ecs7.tokopedia.net/img/cache/700/product-1/2018/9/21/3746057/3746057_af0bd7ea-fce3-49c8-824e-9843f5bbfc28.jpg'),
(95, 122, 'LINE UP SHORTS', 'Panjang : 34 cm, Lingkar Pinggang : 64 - 98 cm Bahan : Thick Scuba', 62000, 'https://ecs7.tokopedia.net/img/cache/700/product-1/2018/6/27/1801896/1801896_90468ad2-cf1e-4f88-853c-436267126f19_588_600.jpg'),
(96, 122, 'Celana Pendek Motif Premium', 'Celana Pendek Motif Premium Import Best Seller Bahannya adem dan nyaman dipakai', 84000, 'https://ecs7.tokopedia.net/img/cache/700/product-1/2018/7/9/17676751/17676751_14d99d45-54b4-47ea-9f42-eebb89c89baf_1080_1181'),
(97, 122, 'Celana Pendek Wanita Denim Pants', 'Bahan Denim Size Fit to L', 95000, 'https://ecs7.tokopedia.net/img/cache/700/product-1/2017/12/12/0/0_3cba369b-9bf7-43e2-bd28-9a506badafc6_900_681.jpg'),
(98, 122, 'celana kulot plisket/kulot pendek/kulot santai', 'all size fit to L bahan plisket', 349000, 'https://ecs7.tokopedia.net/img/cache/700/product-1/2018/8/8/3824059/3824059_e5a40b16-2eed-41a1-9f96-84e2901b401a_700_700.jpg'),
(99, 122, 'ms Trini Pant', 'Bahan wollcrepe fit to L', 53000, 'https://ecs7.tokopedia.net/img/cache/700/product-1/2017/9/3/0/0_04feeee4-289b-4483-9a3e-eec06984606f_800_800.jpg'),
(100, 122, 'Celana Wanita RABBIT', 'Rabbit pants bhn babytery karet pinggang fit L', 35000, 'https://ecs7.tokopedia.net/img/cache/700/product-1/2018/8/22/1814546/1814546_e98d4c06-6e60-4e5d-839f-ebd954728cf0.jpg'),
(101, 121, 'celana panjang wanita/chinos pants', 'BAHAN TWILL STREET PJ: Panjang', 75000, 'https://ecs7.tokopedia.net/img/cache/700/product-1/2019/1/6/368143230/368143230_8a0d6e02-8605-4108-b66d-d16785472d99_1280_1280.jpg'),
(102, 121, 'TERBARU CELANA PANJANG MISS DAISY', 'Bahan : Katun strech korea (Premium Quality)', 240000, 'https://ecs7.tokopedia.net/img/cache/700/attachment/2018/11/7/154160726948985/154160726948985_6abe9ac4-046b-4abd-b836-81ba236d60d2.png'),
(103, 121, 'Celana Kulot Panjang Wanita - Hitam', 'Ukuran All Size (29-36). Lingkar Pinggang Sebelum ditarik 78cm. Panjang Celana 90cm', 58000, 'https://ecs7.tokopedia.net/img/cache/700/product-1/2018/2/20/199917820/199917820_5aa414e2-bffe-4c62-8a21-9f3339a0c907_700_700.jpg'),
(104, 121, 'Celana Katun Panjang Stretch u/ Wanita Tinggi', 'Size STD (fit to M-L) Lingkar paha di bawah 60 cm. Size XL. Lingkar paha 60-70 cm. Size XXL', 67000, 'https://ecs7.tokopedia.net/img/cache/700/product-1/2016/7/25/6539/6539_35b64a27-eb75-4b1d-be58-2020fb8a8e69.jpg'),
(105, 121, 'ZARA LIST PANT VILEN STORE', 'Bahan zara skuba. Allsize Fit L', 38000, 'https://ecs7.tokopedia.net/img/cache/700/product-1/2019/1/8/46768551/46768551_9e9b9639-c5b2-42b9-ba81-a3d4e56178f9_630_630.jpg'),
(106, 121, 'celana panjang pakaian wanita cewe', 'Bahan katun motif kotak fit L(pinggang karet)', 61000, 'https://ecs7.tokopedia.net/img/cache/700/product-1/2018/7/25/4992954/4992954_c17ab57a-e050-4392-bf8e-392b8ccca742_704_704.jpg'),
(107, 121, 'Celana Panjang List Pinggir Wanita Model Terbaru', 'Ukuran all size fit to S', 50000, 'https://ecs7.tokopedia.net/img/cache/700/product-1/2018/10/6/1780621/1780621_094823d7-c01e-4ebb-b2cb-13cbaed4acec_1083_1084.jpg'),
(108, 121, 'Celana Kulot Wanita SONIA', 'All size. Lingkar Pinggang: 70cm-110cm', 169000, 'https://ecs7.tokopedia.net/img/cache/700/product-1/2018/12/1/12383257/12383257_48533b39-72ca-4eb4-bde5-1a026ac24cec_1580_1513.jpg'),
(109, 121, 'CELANA PANJANG WANITA / MUSLIM', 'BAHAN MOSSCREPE SAKU + KARET BELAKANG. UKURAN ALLSIZE FIT TO L', 90000, 'https://ecs7.tokopedia.net/img/cache/700/product-1/2019/1/13/2042521/2042521_ec91f69e-e520-4839-9c80-1f73eac28410.jpg'),
(110, 121, 'Celana Panjang Wanita SONIA - Celana Kerja Wanita', 'All size. Lingkar Pinggang: 70cm-100cm', 165000, 'https://ecs7.tokopedia.net/img/cache/700/product-1/2018/12/19/12383257/12383257_cd704624-0d4a-4dde-a481-2681d1aba14a_2048_1954.png'),
(111, 121, 'Coffee Rib Straight Pants - Celana Panjang Wanita', 'Fabric Suede Rib, belt. S : length 96 waist 66 . M : length 97 waist 70. L : length 98 waist 74', 215000, 'https://ecs7.tokopedia.net/img/cache/700/product-1/2018/4/3/0/0_f1ced838-aaa7-487a-a7fd-0617669393ab_960_960.jpg'),
(112, 121, 'Celana Panjang Wanita Stripe Wide (M) Import Original', 'Bahan : Soft Hemp, back zipper, belt. S : Panjang 92 Pinggang 72 . M : Panjang 93 Pinggang 76. L : Panjang 94 Pinggang 80', 189500, 'https://ecs7.tokopedia.net/img/cache/700/product-1/2018/8/3/1491638/1491638_2b60cba6-9c27-4ec6-a77a-987794c392f0.jpg'),
(113, 121, 'Celana panjang wanita import', 'Bahan : Mandarin Import (strech). Size : ALL SIZE setara dengan Size XL', 85000, 'https://ecs7.tokopedia.net/img/cache/700/product-1/2018/9/20/3967976/3967976_d24975c8-f3da-4d6b-bd32-aba14cff6af8_719_719.jpg'),
(114, 121, 'Celana Panjang Wanita White Stripe Straight', 'Bahan : Hemp, inner silk, side zipper. S : Panjang 96 Pinggang 68. M : Panjang 97 Pinggang 72. L : Panjang 98 Pinggang 76', 218000, 'https://ecs7.tokopedia.net/img/cache/700/product-1/2018/7/10/1491638/1491638_d11dfe88-c9e8-4b53-9e79-1094dbcf2e4c.jpg'),
(115, 121, 'Celana Panjang Wanita Basic premium', 'Matt : KATUN POPLIN / bahan STRECH melar ya say. Ukuran : ALLSIZE FIT TO XL', 47500,  'https://ecs7.tokopedia.net/img/cache/700/product-1/2018/10/8/18958200/18958200_1400af88-e7ac-43bc-83c5-1d0101c9ffbc_1280_1280.jpg'),
(116, 121, 'Celana Panjang Wanita Bubble Agoest - Hijau muda', 'Bhn Bubble. Allsz Fit XXL (Setara sz.34) Ready', 100000, 'https://ecs7.tokopedia.net/img/cache/700/product-1/2018/9/21/204019592/204019592_edda5b3e-530b-432c-bd49-eca0a497a123_350_350.jpg'),
(117, 121, 'celana panjang wanita/celana aladin tulip', 'All size fit to L. Bahan : wollcrepe import halus', 57000, 'https://ecs7.tokopedia.net/img/cache/700/product-1/2018/1/22/1011584/1011584_d3fb9f3d-5532-4409-8870-96170b10bad7'),
(118, 121, 'CELANAPANJANG WANITA ZARA CHECHERED C1168', 'ALLSIZE FIT TO S,M,L', 86000, 'https://ecs7.tokopedia.net/img/cache/700/product-1/2018/10/24/871645/871645_1ee8aabe-c7bc-4ffc-9546-143bb9be42f9_1280_1280.jpg'),
(119, 121, 'Celana Panjang Wanita Orange Casual Straight', 'Bahan : Cotton, S : Panjang 87 Pinggang 68. M : Panjang 88 Pinggang 70. L : Panjang 89 Pinggang 72', 214500, 'https://ecs7.tokopedia.net/img/cache/700/product-1/2018/9/19/1491638/1491638_98a95235-04a5-4a09-af69-8611b965ea67.jpg'),
(120, 121, 'Celana Panjang Model Longgar Lebar Aksen Ruffle', 'Material:Spandex,Polyester. Size:S/M/L/XL', 235000, 'https://ecs7.tokopedia.net/img/cache/700/product-1/2018/5/31/28136676/28136676_22311c98-123b-4707-a61f-80876916e392_1024_1024.jpeg'),
(121, 121, 'Lilo Basic Pants-Celana Panjang Wanita', 'Bahan Mosscrepe All size', 58000, 'https://ecs7.tokopedia.net/img/cache/700/product-1/2018/11/14/9210961/9210961_bb6cc81c-61e0-4ff4-8e50-caf034f8dd3f_700_700.jpg'),
(122, 121, 'PANTS ESCARPAT CELANA PANJANG WANITA', 'P : 95 cm LP : 66 - 80 cm. Bahan : Hycon + Hyget (inner)', 147000, 'https://ecs7.tokopedia.net/img/cache/700/product-1/2018/8/8/36498457/36498457_e885a59d-768d-4d25-92b0-0b44ed11286d_573_573.jpg'),
(123, 121, 'CELANA PANJANG WANITA DOROTY CUT PANTS', 'Panjang : 100 cm. Lingkar Pinggang : 68 - 74 cm. Bahan : Silky Scuba', 90000, 'https://ecs7.tokopedia.net/img/cache/700/product-1/2018/10/25/4480693/4480693_347986a3-40d1-40f0-b37d-1b231420c8e2_768_768.jpg'),
(124, 121, 'P - 27 - Celana Panjang Wanita', 'Bahan : Scuba Tebal. Ukuran : Allsize fit to S-XL', 89000, 'https://ecs7.tokopedia.net/img/cache/700/product-1/2018/6/8/8216437/8216437_2841164c-e539-4feb-9862-7d1bdd6865e2_800_800.jpg'),
(125, 121, 'Celana Panjang Rista Longpants Layer Joger Rok Wanita', 'Terbuat dari bahan waffle, Fit to L, Lingkar Pinggang 56-86cm, Panjang 88cm', 60000, 'https://ecs7.tokopedia.net/img/cache/700/product-1/2018/8/15/4283244/4283244_735599e7-68dc-4ba9-881f-df9ba2f59ace_1000_1000.jpeg'),
(126, 123, 'Celana Jeans Jumbo Wanita Variasi Ripped', 'Ukuran Lingkar Pinggang (Normal Size Indo), 31,32,33,34', 150000, 'https://ecs7.tokopedia.net/img/cache/700/product-1/2018/5/13/12289459/12289459_71437019-b49a-4508-bf9c-24fc3e7c6651_1700_1700.jpg'),
(127, 123, 'Celana Jeans Highwaist Wanita Cewek', 'Bahan : Soft Jeans Stretch. Size : 27 sd 30', 120000, 'https://ecs7.tokopedia.net/img/cache/700/product-1/2018/4/14/12289459/12289459_8981ef37-87bb-4b97-a5df-77659d7affa7_1600_1600.jpg'),
(128, 123, 'Celana Jeans Jumbo Highwaist Wanita', 'Warna : Medium Blu. Bahan : Soft Jeans. Size : 31 sd 34. Size : 27 sd 30', 115000, 'https://ecs7.tokopedia.net/img/cache/700/product-1/2017/9/19/12289459/12289459_a66ec7d8-1aab-4e6a-9cb9-4936076850e5_1080_1079.jpg'),
(129, 123, 'celana Plain Boyfriend Jeans wanita DIVA', 'size 27-30. bahan non stretch', 110000, 'https://ecs7.tokopedia.net/img/cache/700/product-1/2018/11/22/43961551/43961551_1f347b85-459e-40e2-88f2-320f61edc23e_701_701.jpg'),
(130, 123, 'Celana Jeans Wanita Shandy Aulia Pants', ' ( Size : 27 sd 30 31 sd 34 ) Bahan : Soft Jeans', 125000, 'https://ecs7.tokopedia.net/img/cache/700/product-1/2018/3/14/12289459/12289459_10e65032-b8fc-4173-9bed-380ac1388c7a_720_720.jpg'),
(131, 123, 'Celana Jeans Wanita Skinny Panjang', 'Ready size 27, 28 , 29 , 30. Bahan : softjeans stretch', 143000, 'https://ecs7.tokopedia.net/img/cache/700/product-1/2019/2/12/385577714/385577714_a7777639-5f69-4051-941a-d2b35c615456_640_640.jpg'),
(132, 123, 'Celana Jeans Wanita / Cewek Highwaist Cutbray Punny', 'Bahan : Semi Jeans Stretch. Size : 27 sd 30', 125000, 'https://ecs7.tokopedia.net/img/cache/700/product-1/2017/5/2/12289459/12289459_643b7b52-2850-480c-a405-6b0598f628c9_1254_1308.jpg'),
(133, 123, 'Celana Wanita Jeans Premium Panjang', 'Bahan Jeans non Stretch', 107200, 'https://ecs7.tokopedia.net/img/cache/700/product-1/2018/11/11/43612953/43612953_e2a06004-ec2c-4beb-80e6-aeda17670d13_800_696.jpg'),
(134, 123, 'celana jeans wanita highwaist side stripe jeans', 'Brand : punny jeans. Bahan : good quality jeans , tebal , melar (stretch) & halus', 90000, 'https://ecs7.tokopedia.net/img/cache/700/product-1/2018/5/24/215320854/215320854_cbba70fd-fd1d-46f4-bbb6-b11a8944f8ea_640_640.jpg'),
(135, 123, 'celana jeans wanita ripped punny jeans - Biru Muda', 'Brand : punny jeans. Bahan : good quality jeans , tebal , melar (stretch) & halus', 105000, 'https://ecs7.tokopedia.net/img/cache/700/product-1/2017/8/31/0/0_f46f00bc-4eab-40a6-8606-850142e91369_700_733.jpg'),
(136, 123, 'Celana Jeans Wanita 7/9', 'Tersedia size 27-30. Kualitas Premium. Jeans Stretch', 115000, 'https://ecs7.tokopedia.net/img/cache/700/product-1/2019/1/29/40493518/40493518_22e7f158-f357-4520-9a82-6a817fab68f2_1280_1280.jpeg'),
(137, 123, 'Celana Jeans Highwaist Wanita Cewek Punny Highwaist', 'Bahan : Soft Jeans. Size : 27, 28, 29, 30', 125000, 'https://ecs7.tokopedia.net/img/cache/700/product-1/2017/6/7/12289459/12289459_97cc41f1-0858-4c81-a575-0ab3a1b16e61_1041_1080.jpg'),
(138, 123, 'Celana Jeans Wanita Boyfriend BF', 'Size: 27-30', 145000, 'https://ecs7.tokopedia.net/img/cache/700/product-1/2017/10/9/0/0_e1313bab-eb76-4c44-8a7b-b7b7da9adfb0_1080_808.jpg'),
(139, 123, 'Celana 7/9 Stik Balik Whisker Jumbo Jeans Pants', 'Bahan jeans full cotton. Tersedia dalam ukuran 31, 32, 33, 34', 105000, 'https://ecs7.tokopedia.net/img/cache/700/product-1/2017/9/16/0/0_ff01a0c4-acba-4aae-a916-33af8bb66579_1080_1080.jpg'),
(140, 123, 'Celana Skinny Jeans', 'Kategori: Jeans Berat: 1.0 kilogram Asal Barang: Lokal. Size: 27, 28, 29, 30', 127000, 'https://id-live-02.slatic.net/original/a192da3b3ebbedfefb325c79c4fc953f.jpg'),
(141, 123, 'Celana Jeans Wanita Boyfriend Ripped Furing Jeans', 'Kategori: Jeans. Berat: 1.0 kilograms Size: 27, 28, 29, 30', 127250, 'https://indo.bestpriceupdate.com/id/700/products/original/1c9fea1af5351075a19221998a7b12c5.jpg'),
(142, 123, 'Celana Jeans Wanita Plain Boyfriend Jeans', 'Kategori: Jeans. Berat: 1.0 kilograms Size: 27, 28, 29, 30', 99000, 'https://indo.bestpriceupdate.com/bestsellers/700/product/img/9732934373/w-700/Celana_jeans_wanita_Plain_boyfriend_jeans.png'),
(143, 123, 'Celana Boyfriend Jeans Fashion Wanita', 'Bahan Jeans Premium. Detail Ukuran : 27. 28 : Lingkar Pinggang 72cm - 75cm / Panjang 96cm', 135000, 'https://indo.bestpriceupdate.com/id/700/products/original/d80a9a966055932d182d41ede7888415.jpg'),
(144, 123, 'Celana Jeans Wanita Boyfriend Putih', 'Merek: No Brandd Jenis Garansi: Tidak Ada Garansi', 113150, 'https://indo.bestpriceupdate.com/id/700/products/original/7ce8a8c63b41ffdb7a55f74055fee978.jpg'),
(145, 123, 'Celana Jeans Wanita Gf Boyfriend Double List Mediumblue', 'Merek: No Brand. Jenis Garansi: Tidak Ada Garansi', 115000, 'https://indo.bestpriceupdate.com/id/700/products/original/35b1cf27037121fc099d1903a5f0db99.jpg'),
(146, 123, 'Ripped Jeans Sobek Skinny Stretch Wanita', '27 (S): Panjang 94 cm, 28 (M): Panjang 95 cm, 29 (L): Panjang 96 cm', 250000, 'https://id-live.slatic.net/original/fc342f13cd3a3155109c01f38a8540b0.jpg'),
(147, 123, 'Celana Jeans Fashion Wanita Cutbrai', 'S/M/L/XL BLUE & BLACK Pre Order 8-16 hari (dp 50%)', 250000, 'https://media.karousell.com/media/photos/products/2018/06/28/celana_jeans_fashion_wanita_1530129066_67d250f8.jpg'),
(148, 123, 'Celana Jeans Fashion Wanita', '27 (S): Panjang 94 cm, 28 (M): Panjang 95 cm, 29 (L): Panjang 96 cm', 189000, 'https://s3.bukalapak.com/img/8835766955/w-300/data.png.webp'),
(149, 123, 'CELANA JEANS FASHION WANITA HIGHWAIST', 'Model: Highwaist Pensil. Bahan: Soft jeans stretch (karet/melar)', 115000, 'https://s3.bukalapak.com/img/3002002664/w-1000/CELANA_JEANS_FASHION_WANITA_HIGHWAIST.jpg'),
(150, 123, 'Celana Jeans Wanita Nine Loose Holes Denim', '27 (S): Panjang 94 cm, 28 (M): Panjang 95 cm, 29 (L): Panjang 96 cm', 101500, 'https://www.jakartanotebook.com/images/products/99/63/20142/6/279/celana-jeans-wanita-nine-loose-holes-denim-size-l-blue-103.jpg'),

(151, 131, 'LOUIS VUITTON BB BOND STREET', 'SIZE 24 x 17 x 9.5 cm INCLUDE BOX + PAPERBAG MIRROR QUALITY GRADE AAA', 2850000, 'https://ecs7.tokopedia.net/img/cache/700/attachment/2018/7/29/153287012263152/153287012263152_6c544b47-0f1e-4e2e-96e8-ca15c326869b.png'),
(152, 131, 'Tas LV Louis Vuitton Metis Mirror quality', 'Tas selempang 24x6x18cm', 1250000, 'https://ecs7.tokopedia.net/img/cache/700/product-1/2017/12/1/190169497/190169497_40f55ad3-9a59-42f4-a650-6df7226600e8_1280_1280'),
(153, 131, 'TAS MAXI/CANEL/TAS ASHANTY/TAS SYAHRINI', '* PRODUK LOKAL * BAHAN SINTETIS', 50000, 'https://ecs7.tokopedia.net/img/cache/700/product-1/2017/11/20/0/0_cc1abee0-624c-428f-bfeb-c6dc330cd16b_960_960.jpg'),
(154, 131, 'Tas wanita FOSSIL SYDNEY SUTCHEL', 'KUALITAS : SEMI PREMIUM, KELENGKAPAN: TALI PANJANG & DUSTBAG', 310000, 'KUALITAS : SEMI PREMIUM KELENGKAPAN: TALI PANJANG & DUSTBAG'),
(155, 131, 'TAS IMPORT WANITA HERMES TAS WANITA JELLY MATE H', 'BAHAN : JELLY MATE, KUALITAS : SEMIPREMIUM. UK : 21X15CM', 165500, 'https://ecs7.tokopedia.net/img/cache/700/product-1/2018/8/24/1408824/1408824_8f562648-b0c2-49ae-8ee6-de1ad910d617_640_640.jpg'),
(156, 131, 'GUCCI MARMONT', 'GUCCI MARMONT SIZE 26 x 15 x 7 CM', 2500000, 'https://ecs7.tokopedia.net/img/cache/700/attachment/2018/11/17/154246767635470/154246767635470_7af2a5ae-0885-47ce-8450-04868fccc87a.png'),
(157, 131, 'LOUIS VUITTON CROISETTE', 'LOUIS VUITTON CROISETTE SIZE 25 x 17 x 9.5 cm', 3250000, 'https://ecs7.tokopedia.net/img/cache/700/attachment/2018/11/17/154246411892143/154246411892143_bc594767-ddf9-4ee1-af26-95e87357d72b.png'),
(158, 131, 'TAS MICHAEL KORS ORIGINAL', 'DB POLOS', 1550000, 'https://ecs7.tokopedia.net/img/cache/700/product-1/2018/8/15/18177881/18177881_b6505ba2-4454-4d46-893e-67d81f504de5_1080_1080.jpg'),
(159, 131, 'FENDI MON TRESOR', 'FENDI MON TRESOR SIZE 12 x 18 x 10 CM INCLUDE BOX + PAPERBAG MIRROR QUALITY GRADE AAA', 3250000, 'https://ecs7.tokopedia.net/img/cache/700/attachment/2018/7/19/153197269403687/153197269403687_65ab3253-f0a3-4a2b-bf77-dc1b67fc1b41.png'),
(160, 131, 'FENDI BY THE WAY SWIFT', 'Size 20 cm INCLUDE BOX + PAPERBAG MIRROR QUALITY GRADE AAA', 3250000, 'https://ecs7.tokopedia.net/img/cache/700/attachment/2018/7/29/15328704474241/15328704474241_76eab72f-7637-4030-8f7e-cad42cc633fe.png'),
(161, 132, 'tas marc jacob / tas selempang / tas jacob', 'bahan taiga Zara dalaman Puring', 50000, 'https://ecs7.tokopedia.net/img/cache/700/product-1/2017/12/8/0/0_8ca1eb68-f385-4eee-9fe3-90c7109850c1_640_640.jpg'),
(162, 132, 'Tas Louis Vuitton Petite Boite Chapeau Calfskin', 'Kualitas : Mirror Ukuran : 17cm x 15cm x 8cm warna : hitam putih / putih hijau', 2600000, 'https://ecs7.tokopedia.net/img/cache/700/product-1/2018/7/16/36104848/36104848_24e80cfd-cca4-4a0c-8196-40722167b11d_700_523.jpg'),
(163, 132, 'Tas Lokal/Branded/Clutch/Bonia Clutch Zippie', 'Ada tali panjang dan pendek', 50000, 'https://ecs7.tokopedia.net/img/cache/700/product-1/2017/9/6/490933/490933_a034c825-28b8-47c2-866b-7a654a7ccaac'),
(164, 132, 'Tas Waisbag momo NENY KANIA89', 'produk merupakan produk LOKAL / REPLIKA dengan keakuratan 80-95% dari gambar.
', 72000, 'https://ecs7.tokopedia.net/img/cache/700/product-1/2018/11/16/42421873/42421873_d22f3b0f-2320-49e5-897f-b8137a58d6c3_1014_1014.jpg'),
(165, 132, 'Tas Wanita merk Fossil 732 series import', 'Mirror Quality Size 25 x 8 x 22cm', 34000, 'https://ecs7.tokopedia.net/img/cache/700/attachment/2018/5/11/152602831718080/152602831718080_6f36477a-60c4-4aa9-bc10-4bf5df048a6b.png'),
(166, 132, 'Tas rotan motif gendis Tas ate Murah', '@bahan tali : kulit @inside : lining batik @diameter : 20cm @ tinggi : 7cm', 150000, 'https://ecs7.tokopedia.net/img/cache/700/product-1/2018/7/19/3081191/3081191_53c9e666-f43a-4ea3-bcfa-8e5518ce4971_640_640.jpg'),
(167, 132, 'LV TWIST MIRROR QUALITY', 'LV TWIST SIZE 18 cm INCLUDE BOX + PAPERBAG MIRROR QUALITY', 	3500000, 'https://ecs7.tokopedia.net/img/cache/700/attachment/2018/8/12/153406175450739/153406175450739_276049f4-3074-4cab-9cb1-be906eaf7ef8.png'),
(168, 132, 'Tas Gucci Soho Disco Togo Leather APRICOT', 'Kualitas : Semi Premium Ukuran : 21cm x 7cm x 16cm', 200000, 'https://ecs7.tokopedia.net/img/cache/700/product-1/2017/8/15/11605939/11605939_a39fb0aa-053d-468b-be14-848532f08ca8_1280_1024.jpg'),
(169, 132, 'Tas FOSSIL EASY BAG 418', 'uk 25x10x18cm', 215000, 'https://ecs7.tokopedia.net/img/cache/700/product-1/2018/4/20/0/0_0b0fc13f-b187-408f-a543-b0547d75da6d_640_640.jpg'),
(170, 132, 'HERMES KELLY MINI CROCO PREMIUM', 'material phyton croco premium free dustbag', 149000, 'https://ecs7.tokopedia.net/img/cache/700/product-1/2016/10/13/419723/419723_00bd55e3-c25f-4adc-8fe4-df6a1f3a2fa4'),
(171, 132, 'TAS WANITA - Kuning', 'MATERIAL PU SIZE L23XH16XW10CM', 109000, 'https://ecs7.tokopedia.net/img/cache/700/product-1/2018/1/2/248325702/248325702_bdcfd253-396e-42d5-a040-6b7f838ab401_960_960.jpg'),
(172, 132, 'Marble Sling Bag - Putih', 'Material : Suede Size : 17 x 13 x 7 Colour : Hitam , dan Putih', 3500000, 'https://ecs7.tokopedia.net/img/cache/700/product-1/2018/5/16/32573416/32573416_b556c9a0-4ced-4846-bc19-f8fec1a9b094_760_760.jpg'),
(173, 132, 'Tas Waist Bag Wanita xxxx', 'Bahan : Mikro ( Kwlitas paling Bagus ) Size : Medium', 65000, 'https://ecs7.tokopedia.net/img/cache/700/product-1/2018/12/4/2284281/2284281_66c27bb7-5056-405a-bfe2-ba690f59df41_1024_1024.jpg'),
(174, 132, 'tas kerja flea sophie martin handbag', 'Tas cangklong berbahan dasar kulit sintetis', 185000, 'https://ecs7.tokopedia.net/img/cache/700/product-1/2018/11/19/1319005/1319005_22257e99-130c-4476-ad46-8a7afc392b77_800_800.jpg'),
(175, 132, 'coach belt bag signature black', 'original', 1200000, 'https://ecs7.tokopedia.net/img/cache/700/product-1/2019/1/2/3846785/3846785_7f3f5e19-e513-469f-9337-93ce294a45d6_860_860.jpg'),
(176, 133, 'TAS RANSEL WANITA KULIT', 'XIN342 MERAH. 27X23X12CM, RESLETING, BAHAN PU', 184200, 'https://ecs7.tokopedia.net/img/cache/700/product-1/2018/12/5/1099095/1099095_ca1b2fe6-c21f-41c5-a56b-69f25f43e40e_600_600.jpg'),
(177, 133, 'TAS GUCCI RANSEL S5232 SEMI PREMIUM', 'TAS GUCCI RANSEL S5232 SEMI PREMIUM 28X24', 165000, 'https://ecs7.tokopedia.net/img/cache/700/product-1/2017/12/13/1371629/1371629_b0c2af64-686d-46a1-ad42-7044b841150f_505_505.jpg'),
(178, 133, 'Tas wanita Ransel / Backpack / Tas Sekolah', 'Bahan: Polyester 100% import Ukuran : 30 x 30 x 12cm', 205000, 'https://ecs7.tokopedia.net/img/cache/700/product-1/2019/1/30/9024889/9024889_21236118-7fc4-45a8-aa7f-96f39b7841aa_904_904.jpg'),
(179, 133, 'Backpack semi Kulit Tas Ransel Wanita Murah', 'Bahan : Semi Kulit Ukuran : 30x25cm', 55000, 'https://ecs7.tokopedia.net/img/cache/700/product-1/2018/10/10/923070/923070_e2e3b5db-972a-4f76-957e-a06fd853bddf_1024_1024.jpg'),
(180, 133, 'Tas wanita ransel batam ZARA', 'Zara backpack silver', 215000, 'https://ecs7.tokopedia.net/img/cache/700/product-1/2017/9/11/371173/371173_d6be0a49-dd25-4c70-87de-0e74fb16b8ef'),
(181, 133, 'Ransel fossil backpack 3 in 1', 'seri : 764 ukuran : 30x15x36 bahan : taega epsom&soft leather', 330000, 'https://ecs7.tokopedia.net/img/cache/700/attachment/2019/1/20/15479386734745/15479386734745_45e998a8-0aa6-452e-b3a9-13cfc90b2d6d.png'),
(182, 133, 'Ransel Kuliah Ransel Cewek Imut', 'Ukuran : 21x11x23cm Warna : BLACK', 125000, 'https://ecs7.tokopedia.net/img/cache/700/product-1/2017/8/24/7440087/7440087_55481042-de0e-4548-bb44-1925a4e6ed66_613_681.jpg'),
(183, 133, 'Draw String Bag / Tas Serut Hyphen', 'Ukuran : 36 x 45 cm', 125000, 'https://ecs7.tokopedia.net/img/cache/700/product-1/2017/10/28/17007049/17007049_79d07861-cf60-4756-9a9d-b78953913dc1_1776_1184.jpg'),
(184, 133, 'LV Ransel Laptop', 'Bahan kulit kanvas LV Dalaman kain', 180000, 'https://ecs7.tokopedia.net/img/cache/700/product-1/2017/3/17/1801235/1801235_a9c2feb4-a3af-4c7c-b9e5-51ca3a2aff8e_500_500.jpg'),
(185, 133, 'tas ransel coach* / backpack coach* mini', 'Ukuran :18 x 23 cm. 2 warna/motif', 450000, 'https://ecs7.tokopedia.net/img/cache/700/product-1/2018/12/6/2963697/2963697_ac2a76f4-6c9e-4c15-9937-8397f905227a_1080_1080.jpg'),
(186, 133, 'Tas Ransel FAN BINGBING A409', 'Bahan Semi Kulit Premium quality Size 27 X 23 X 16', 45000, 'https://ecs7.tokopedia.net/img/cache/700/product-1/2017/6/19/190892172/190892172_c5f590ab-48b2-432c-85f9-60dde48b9d0d_784_768.png'),
(187, 133, 'Catriona Nolie Backpack - BROWN', 'Panjang x Lebar x Tinggi = (23cm x 12cm x 30cm)', 249000, 'https://ecs7.tokopedia.net/img/cache/700/product-1/2019/1/30/37802456/37802456_9ae5a0fa-cf1f-4172-b0d2-b419b44c93df_762_1100.jpg'),
(188, 133, 'Tas Polos / Backpack / Tas Wanita/ Tas Pria', 'Size: 40*13*30 Cm', 150000, 'https://ecs7.tokopedia.net/img/cache/700/product-1/2019/2/19/3655713/3655713_7aa1c804-5fed-475e-b326-6c2bd95e21ae_2048_1365.jpeg'),
(189, 133, 'tas wanita import/tas ransel backpack', 'Material : Polyester. Weight : 0.4 Kg. Dimension : 24 x 32 x 12 cm', 156000, 'https://ecs7.tokopedia.net/img/cache/700/product-1/2018/9/5/17229195/17229195_1d62955e-50a8-40a7-bd3b-e22ee85f8d08_615_506.jpg'),
(190, 133, 'Burberry Ransel 014 Bordir', 'Bahan kulit bordir busa tebal', 150000, 'https://ecs7.tokopedia.net/img/cache/700/product-1/2018/6/4/1801235/1801235_e8cc0b77-a889-4982-b63a-8f17deedf6d9_700_700.jpg'),
(191, 133, 'Tas Ransel Mini Import 713', 'Bahan: Kulit Sintetis Ukuran (PxL) : 16x19', 114900, 'https://ecs7.tokopedia.net/img/cache/700/product-1/2018/12/28/43836868/43836868_841647ad-7549-46e7-a4e4-4d47191a2662_700_700.jpg'),
(192, 133, 'Tas Ransel Wanita Import 711 - Mono', 'bahan: Kulit Sintetis Ukuran (PxLxT) : 26x12x32', 145900, 'https://ecs7.tokopedia.net/img/cache/700/product-1/2018/12/27/43836868/43836868_2782e83b-0ec2-4a5e-ac22-5c0d428dff81_700_700.jpg'),
(193, 133, 'Bonia The Nazca Backpack Black', 'color: coklat', 3500000, 'https://ecs7.tokopedia.net/img/cache/700/product-1/2018/11/5/3368228/3368228_fb9f9453-65c9-4e58-89a9-69fdea73daea_551_551.jpg'),
(194, 133, 'Soft GG Supreme backpack', 'Gucci Original', 1200019, 'https://media.gucci.com/style/DarkGray_Center_0_0_1200x1200/1503921609/495563_K9R8X_1071_001_100_0000_Light-Soft-GG-Supreme-backpack.jpg'),
(195, 133, 'Tas Ransel Wanita Louis Vuitton', 'tas ori LV', 1200020, 'https://harga.info/wp-content/uploads/2018/06/Tas-Ransel-Wanita-Louis-Vuitton.jpg'),
(196, 133, 'Tas LV Louis Vuitton Christopher Mono', 'Louis Vuitton Christopher monogram backpack', 1950000, 'https://apollo-singapore.akamaized.net/v1/files/13xaseyz4c7c3-ID/image;s=966x691;olx-st/_1_.jpg'),
(197, 133, 'ransel mini lv ransel wanita backpack tas import', 'terbuat dari kulit import sangat awet di gunakan', 117000, 'https://ecs7.tokopedia.net/img/cache/700/product-1/2018/2/25/252042495/252042495_47df845f-f62e-48f0-95d6-b9041536d499_1280_1012.jpg'),
(198, 133, 'tas backpack guess tas guess ori', 'Tas ransel guess original', 800400, 'https://s3.bukalapak.com/img/3299990564/large/TAS_RANSEL_GUESS_ORIGINAL_TAS_BACKPACK_GUESS_TAS_GUESS_ORI_A.jpg'),
(199, 133, 'tas backpack guess authentic', 'Tas ransel guess original', 1200024, 'https://s1.bukalapak.com/img/1372543824/large/35961150_2655cd90_0ad6_4852_b848_b9f1f8f95a4d_700_800.jpg'),
(200, 133, 'GUESS SMALL BACKPACK BLACK', 'ukuran Small', 950000, 'https://www.cepatu.com/32120-thickbox_default/indonesia_gt10227.jpg');

insert into product (id_product, id_category, nama_product, deskripsi_product, harga_product, image_link) values
(201, 141, 'SNEAKERS ASICS ONITSUKA TIGER PARATY ORIGINAL', 'SIZE 37/38/39/40', 899000, 'https://ecs7.tokopedia.net/img/cache/700/product-1/2019/2/18/1349024/1349024_2540edac-308c-49da-b78f-88a525a2a639_1920_1920.jpg'),
(202, 141, 'Sneaker Louis Vuitton Run Away', 'L0uis Vuitton Run Away Sneaker "Brown Pink". Size : 37, 38, 39, 40', 980000, 'https://ecs7.tokopedia.net/img/cache/700/product-1/2019/2/24/5080579/5080579_9dd1fdc1-328c-4fe0-9ea1-428cfc5313c6_796_796.jpg'),
(203, 141, 'Sepatu Converse All Star Chuck Taylor X', 'Color : White Size : 36 - 40', 525000, 'https://ecs7.tokopedia.net/img/cache/700/product-1/2019/1/11/355431547/355431547_cc2bbba4-4511-49cd-8993-770fa2732734_1564_1564.jpg'),
(204, 141, 'Sepatu Nike City Loop women', 'Ukuran 36,37,38,39,40', 399000, 'https://ecs7.tokopedia.net/img/cache/700/product-1/2018/5/16/1489596/1489596_0b547bf2-6b17-4d7c-89c2-c4a754e0c889_700_700.jpg'),
(205, 141, 'Sepatu Sneakers Wanita - GUCCI Bee New Ace', 'Quality : Semi premium Heels : 2cm', 280000, 'https://ecs7.tokopedia.net/img/cache/700/product-1/2018/10/11/1022682/1022682_bdc6af8b-2a69-4517-8cb2-0f1f9236aa41_911_1280'),
(206, 141, 'Adidas Superstar Original FP women BNIB', 'original adidas product available size : 36-40', 550000, 'https://ecs7.tokopedia.net/img/cache/700/product-1/2016/10/6/893246/893246_19cac636-20b4-4d38-aec7-f4e829c965e0.jpg'),
(207, 141, 'LOUIS VUITTON SNEAKERS WHITE', 'ada box. size 39', 1650000, 'https://ecs7.tokopedia.net/img/cache/700/product-1/2018/10/31/1895551/1895551_e7193d49-9efb-4b4b-bd7c-0c2bc35c71c7_679_679.jpg'),
(208, 141, 'Balenciaga sneakers', 'Size 36-40', 1950000, 'https://ecs7.tokopedia.net/img/cache/700/product-1/2018/8/14/1895551/1895551_04655c81-5b04-4464-9ca8-a250bfb17ff3_1280_1280.jpg'),
(209, 141, 'LOUIS VUITTON sneakers', 'SIZE 41 INCLUDE BOX MIRROR QUALITY GRADE AAA', 1575000, 'https://ecs7.tokopedia.net/img/cache/700/attachment/2018/8/12/153408594996934/153408594996934_23a6d22a-d02b-4d6d-a0fa-5cd961f71add.png'),
(210, 141, 'sepatu cowo/cewe neo adidas', 'Size 37-43', 89000, 'https://ecs7.tokopedia.net/img/cache/700/product-1/2018/11/27/44704051/44704051_f2ceda70-f44a-4c81-b901-c825490569fe_360_360.jpg'),
(211, 141, 'CHANEL SNEAKER SHOES S388-7', 'Size 35-40', 255000, 'https://ecs7.tokopedia.net/img/cache/700/product-1/2018/10/9/3644664/3644664_72fdbbfd-e823-4343-a1b5-440e46054c51_1280_1280.jpeg'),
(212, 141, 'Sepatu wanita adidas italy casual sneaker cewe', 'Ukuran : 37-40', 165000, 'https://ecs7.tokopedia.net/img/cache/700/product-1/2018/7/15/21642843/21642843_3bd30c80-7493-4f7b-9477-64050e6a5458_1200_800.jpg'),
(213, 141, 'sepatu wanita fila disruptor replika', 'Bahan sintetis Ukuran 37-40', 43000, 'https://ecs7.tokopedia.net/img/cache/700/product-1/2018/11/23/1091588/1091588_b4ec55e1-d1aa-40e3-88f6-a6c3d2679105_1024_1024.jpg'),
(214, 141, 'sepatu convers ct hitam berkualitas', 'ready size 36-37-38-39-40-41-42-43', 75000, 'https://ecs7.tokopedia.net/img/cache/700/product-1/2018/12/18/63153915/63153915_04b5768a-df52-492c-b204-5b43ef1c7280_579_579.jpg'),
(215, 141, 'Converse Comme Des Garcon PLAY Woman', 'Size 37-40', 269900, 'https://ecs7.tokopedia.net/img/cache/700/product-1/2019/2/13/14019598/14019598_28cef722-6f98-4d39-af43-6ad3e4db067b_2048_1536.jpg'),
(216, 141, 'Adidas Tubular Radial White Putih', 'SIZE : 37 38 39 40 41 42 43 44', 185000, 'https://ecs7.tokopedia.net/img/cache/700/product-1/2018/6/24/0/0_cd8d6ca9-d46c-4830-bd7d-b87d31635513_947_947.jpg'),
(217, 141, 'Nike Cortez Forest Gump', 'Size 37-40', 1399000, 'https://ecs7.tokopedia.net/img/cache/700/product-1/2018/3/30/3209685/3209685_f0c97eef-8f39-46da-a95e-a09af82fe8a3'),
(218, 141, 'SNEAKER PUMA (TP20) ABU SALEM', 'BAHAN KANVAS SOL jadi UKURAN 36-40 WARNA ABU SALEM', 45000, 'https://ecs7.tokopedia.net/img/cache/700/product-1/2018/4/24/0/0_44b0ffca-14c7-4c56-aade-19b35ab2f9d8_720_720.jpg'),
(219, 141, 'Sepatu ASICS ONITSUKA TIGER MEXICO', 'Ready stock size 36,37,38,39,40', 630000, 'https://ecs7.tokopedia.net/img/cache/700/product-1/2018/10/18/33326546/33326546_d57303c6-ecb7-4574-aa4a-0aec7ace3d4f_700_700.jpg'),
(220, 141, 'NEW BALANCE LIFESTYLE CLASSIC 247 GREY', '100% ORIGINAL PRODUCT BNIB ( Brand New In Box ) Full Set', 599000, 'https://ecs7.tokopedia.net/img/cache/700/product-1/2018/2/17/0/0_cf505d74-1c20-4824-a130-5ce03a3e11a8_600_600.jpg'),
(221, 141, 'original adidas neo advantage', 'size tersedia 37, 38, 39, 40', 230000, 'https://ecs7.tokopedia.net/img/cache/700/product-1/2017/4/22/181992/181992_331493dc-eea0-4943-9926-295fa86ea91b'),
(222, 141, 'converse hitam', 'size 36-43', 53000, 'https://ecs7.tokopedia.net/img/cache/700/product-1/2017/7/15/1679397/1679397_f9079b25-f266-4d53-b2c9-cbc5c2f14ec1.jpg'),
(223, 141, 'SEPATU KETS ADIDAS', 'size 36-40', 350000, 'https://ecs7.tokopedia.net/img/cache/700/product-1/2017/10/7/2579526/2579526_821b0a6e-64b2-4f19-971e-d5d57d60e2c0.jpg'),
(224, 141, 'Sneaker Shoes Adidas W3556', 'Bahan : Kulit Sintetis & Fabrick, size 36-40', 150000, 'https://ecs7.tokopedia.net/img/cache/700/product-1/2018/3/9/5102258/5102258_33e53baa-3ebc-4ae9-97fe-6528772bc48a_800_599.jpeg'),
(225, 141, 'sepatu sneakers casual asics onitsuka tiger', 'ukuran : 39,40,41,42,43 High premium Import vietnam', 118500, 'https://ecs7.tokopedia.net/img/cache/700/product-1/2017/12/29/1775431/1775431_e3b9d8de-edbc-439e-8588-e50e03f59460_1161_2064.jpg'),
(226, 142, 'Sepatu High Heels Wanita', 'ukuran 35-40', 65000, 'https://s0.bukalapak.com/img/5474433362/w-300/sepatu_high_heels_wanita.jpg.webp'),
(227, 142, 'DorisFanny', 'ukuran 35-40, tinggi 12 cm', 1000000, 'https://ae01.alicdn.com/kf/HTB1Gb48oL9TBuNjy0Fcq6zeiFXax/Dorisfanny-Kulit-Paten-Kancing-Heels-12-Cm-Fashion-Wanita-Seksi-Menunjuk-Toe-Paku-Keling-Berduri-Bertumit.jpg_50x50.jpg'),
(228, 142, 'HEELS FASHION WANITA', 'Ukuran Sepatu : 34-40', 205000, 'https://ecs7.tokopedia.net/img/cache/700/product-1/2018/5/21/30482064/30482064_b8559cf4-9800-4345-9804-981acc5c5527_504_504.jpg'),
(229, 142, 'HEELS WANITA - Hitam', 'size 34-40', 175000, 'https://ecs7.tokopedia.net/img/cache/700/product-1/2018/6/1/30482064/30482064_90e05a6b-cec0-4496-b7f5-96289e53d35b_500_500.jpg'),
(230, 142, 'WEDGES FASHION PARIS', 'ukuran 36-40. Uk.Telapak : 11cm', 210000, 'https://ecs7.tokopedia.net/img/cache/700/product-1/2018/8/25/30482064/30482064_2db89f47-c1af-4a6a-bf70-5ac4db5706d6_800_800.jpg'),
(231, 142, 'HEELS FASHION WANITA HITAM', 'Bahan : SINTETIS Tinggi : 7 CM Ready size 36-40 Warna : hitam', 760700, 'https://ecs7.tokopedia.net/img/cache/700/product-1/2018/3/4/21076064/21076064_69faeffc-5af0-427b-9870-b8ba49982a1f_1065_1067.jpg'),
(232, 142, 'Heels pink', 'Tinggi: 10.5 cm Tahan air ketebalan: 0.5 cm Bahan Sepatu: cat', 300000, 'https://murah.netpriceupdate.com/id/700/products/p/7/hot-fashion-sexy-woman-pumps-thin-heels-high-heeled-shoes-pointed-toe-ladies-wedding-shoes-closed-toe-women-shoes-high-heels-intl-1217-2374499-4267d8d9120f7d6651c77e2c5d278d93-product.jpg'),
(233, 142, 'Heels Orange', 'Tinggi: 10.5 cm Tahan air ketebalan: 0.5 cm Bahan Sepatu: cat', 300000, 'https://murah.netpriceupdate.com/id/700/products/p/7/hot-fashion-sexy-woman-pumps-thin-heels-high-heeled-shoes-pointed-toe-ladies-wedding-shoes-closed-toe-women-shoes-high-heels-2354-6979799-4f1cc25dcb0cf917afcfd4d8572c90e8-product.jpg'),
(234, 142, 'UNGU SEPATU HEELS FASHION WANITA PESTA', 'size 37-43', 400000, 'https://indo.bestpriceupdate.com/my/1050/products/original/d9675050feba2fd0703c11287b94d0f8.jpg_670x670q75.jpg'),
(235, 142, 'Sepatu Wanita Dior Dicho', 'Black-White. size 36-40', 215000, 'https://ecs7.tokopedia.net/img/cache/700/product-1/2018/12/19/2204463/2204463_0cda166d-51f7-43fd-838b-00a094d7c47b_853_853.jpg'),
(236, 142, ' Hak Tinggi (Hijau)', 'size 37-40', 262600, 'https://s0.bukalapak.com/img/5474433362/w-300/sepatu_high_heels_wanita.jpg.webp'),
(237, 142, 'SEPATU FENDI FLAT MIRROR AUTHENTIC', 'Include box,dustbag and paperbag', 1885000, 'https://ecs7.tokopedia.net/img/cache/700/product-1/2018/7/18/2420174/2420174_3ebb3977-fa7f-4769-b028-8190ec167085_700_700.jpg'),
(238, 142, 'madden girl directt slithur', '100% original from us store', 1650000, 'https://ecs7.tokopedia.net/img/cache/700/attachment/2018/11/10/154178444066492/154178444066492_20fffaa7-64a0-4158-a273-ab8f5f9c893b.png'),
(239, 142, 'heels steve madden foreva black', '100% original from us store, size 6-8', 1950000, 'https://ecs7.tokopedia.net/img/cache/700/attachment/2018/12/29/154608025824146/154608025824146_c58c566a-3457-4ab9-878b-765ea8150c62.png'),
(240, 142, 'steve madden teagan red original heels', 'size 5-10', 1850000, 'https://ecs7.tokopedia.net/img/cache/700/attachment/2018/11/10/154178404693433/154178404693433_6d580020-5cf1-412f-b893-1c0bf5d3e072.png'),
(241, 142, 'Hailey | Unificatio', 'size 32-43', 975000, 'https://ecs7.tokopedia.net/img/cache/700/product-1/2018/3/28/28796965/28796965_a3bf1234-f53b-4705-af9c-b0fa94314253_568_732.png'),
(242, 142, 'SEPATU WANITA HEELS BOW CLOBO', 'SIZE : 35-40 9CM', 250000, 'https://ecs7.tokopedia.net/img/cache/700/product-1/2018/3/14/0/0_af2f4298-25d4-4056-afcd-064272e1203d_960_960.jpg'),
(243, 142, 'FARISH Maruby Heels - Black', 'size 36-41', 274000, 'https://ecs7.tokopedia.net/img/cache/700/product-1/2018/6/25/32907944/32907944_89bb205a-5c18-415f-a62b-eab5e8729376_800_800.jpg'),
(244, 142, 'VALENT1N0 SANDAL HEELS', 'SUPER MIRROR QUALITY 1:1', 995000, 'https://ecs7.tokopedia.net/img/cache/700/attachment/2018/11/17/154244884174093/154244884174093_c3d822db-88a6-48ac-a98a-276613570a64.png'),
(245, 142, 'Manolo Hangisi Mules Heels 5cm Stoney Grey', 'Size 35 35,5 36 36,5 37 37,5 38', 10300000, 'https://ecs7.tokopedia.net/img/cache/700/product-1/2019/4/17/5850871/5850871_22dc5e25-943f-4618-a4e2-c075f1839cc8_707_707.jpg'),
(246, 142, 'HEELS PRESILIA HITAM', 'MATT GLOSSY READY 36-40 TINGGI 9CM', 65010, 'https://ecs7.tokopedia.net/img/cache/700/product-1/2017/10/2/0/0_0f79f77b-efe4-40e4-8d93-cefbd859e34c_722_720.jpg'),
(247, 142, 'Hello Nuku Yalova Black Heels', 'size 35-41, Material Upper: Artificial leather', 250000, 'https://ecs7.tokopedia.net/img/cache/700/product-1/2018/9/19/32351823/32351823_279b9e0b-53ac-4a14-9c2c-c4aad8848934_2048_2048.jpg'),
(248, 142, 'Hello Nuku Zurich Black Glossy Heels', 'size 35-41, Material Upper: Artificial leather', 275000, 'https://ecs7.tokopedia.net/img/cache/700/product-1/2018/9/19/32351823/32351823_26ebb400-a32b-47d1-a701-36e0e36aade6_2048_2048.jpg'),
(249, 142, 'Yellow Fellow | Unificatio', 'Sizes available for pre-order: 36-40', 965000, 'https://ecs7.tokopedia.net/img/cache/700/product-1/2018/3/30/28796965/28796965_c9f89708-4433-45dc-8b26-4270e671e763_975_979'),
(250, 142, 'HIGH HEELS R05', 'Bahan suede Tinggi 7cm Ukuran 37-40', 42000, 'https://ecs7.tokopedia.net/img/cache/700/product-1/2018/8/26/872351/872351_09670aa8-77df-4a20-b60f-26aa613a3846_1080_1073.jpg'),
(251, 143, 'BALLET PUMP BLACK DOTTED SUPER MIRROR QUALITY', 'SUPER MIRROR QUALITY 1:1, Size. 36 37 38 39 40', 1050000, 'https://ecs7.tokopedia.net/img/cache/700/attachment/2019/4/14/155525832279272/155525832279272_8462440f-e04f-4861-b6e1-bf86fb9acbde.png'),
(252, 143, 'Jose Daroca Flats Shoes', 'Bahan : Kulit Halus. Black ~ sz 36 37 38 39 40', 150000, 'https://ecs7.tokopedia.net/img/cache/700/product-1/2018/11/8/3644664/3644664_f7950326-5bf8-486c-98a8-f5d5e0076c71_1280_1151.jpeg'),
(253, 143, 'The Little Things She Needs', 'Size. 36 37 38 39 41', 174500, 'https://ecs7.tokopedia.net/img/cache/700/product-1/2018/11/23/26694650/26694650_6778ed2c-88aa-4fdc-b48a-a8a142c421c1_1050_1050.jpg'),
(254, 143, 'Belle shoes', 'Belle with heels 3 cm. Size 33-43', 835000, 'https://ecs7.tokopedia.net/img/cache/700/product-1/2018/8/13/3114614/3114614_5bce158f-cdd3-4ba6-aaf0-c7fb99307e5b_716_716.jpg'),
(255, 143, 'Kenzo shoes espa', 'Size. 36 37 38 39 40', 3000000, 'https://ecs7.tokopedia.net/img/cache/700/attachment/2019/4/12/155500241148122/155500241148122_e374ec41-7a47-4fed-8b34-187d18bd82a6.png'),
(256, 143, 'Tory Burch Minnie Travel Flat Shoes', 'Ready size 40', 1650000, 'https://ecs7.tokopedia.net/img/cache/700/product-1/2018/9/7/351773/351773_691b59cf-d577-4b8e-a510-dd35ee3bfd70_1024_1024.jpg'),
(257, 143, 'Butterfly twists Francesca stone black', 'Francesca stone black Size 38', 325000, 'https://ecs7.tokopedia.net/img/cache/700/attachment/2019/3/30/15539096295465/15539096295465_ffba97b3-fe44-4f49-98be-674b419f856f.png'),
(258, 143, 'kenzo espa shoes warna blue denim', 'Ukuran 37-40', 2850000, 'https://ecs7.tokopedia.net/img/cache/700/product-1/2019/4/2/2350154/2350154_f4e9833b-1783-46b5-b894-75c24d0eee21_750_1000.jpeg'),
(259, 143, 'Pigeon', 'Size. 36 37 38 39 40', 1329000, 'https://ecs7.tokopedia.net/img/cache/700/product-1/2018/5/28/28796965/28796965_f5783b51-28bb-40d3-9f93-052919ccf1c5_959_1280.jpeg'),
(260, 143, 'Flatshoes The Little Things She Needs DAFNI', 'Size. 36 37 38 39 40 41', 174500, 'https://ecs7.tokopedia.net/img/cache/700/product-1/2018/11/23/26694650/26694650_84a6b0f6-aebf-461d-97b3-efc1aa88e98f_1050_1050.jpg'),
(261, 143, 'FLATSHOES TEPLEK RUFFLE BIRU', 'Bahan : Suede dan Karet. size 37-40', 29800, 'https://ecs7.tokopedia.net/img/cache/700/product-1/2017/9/15/205130555/205130555_966b1457-3314-4589-a6d9-4a087ea2f8b9_800_800.jpg'),
(262, 143, 'Tb Jolie Ruffle Ballet Flat', 'Size : 35, 36, 37. Berat : 0,90 Kg', 1150000, 'https://ecs7.tokopedia.net/img/cache/700/product-1/2019/4/5/2503466/2503466_e4a8c00d-4abf-4b7b-bc29-542d56bf4f20_1024_1024.jpg'),
(263, 143, 'Sepatu balet balerina ON010 hitam', 'Bahan suede hitam. tali panjang ready size 36-40', 24900, 'https://ecs7.tokopedia.net/img/cache/700/product-1/2016/8/4/1162240/1162240_bbdc19ac-68b1-4e66-bbcf-e8b4611fa0f0.jpg'),
(264, 143, 'SF Varina Flats Black Patent', 'Size 4.5 5 5.5 6 7 7.5 8', 5850000, 'https://ecs7.tokopedia.net/img/cache/700/product-1/2019/4/17/5850871/5850871_7f230c4d-8ab7-48cd-9244-c9e1ae5b34dd_466_466.jpg'),
(265, 143, 'Hermes Rivage Sandal', 'Black size 37 38 39 Green size 37 38', 4650000, 'https://ecs7.tokopedia.net/img/cache/700/product-1/2019/4/17/5850871/5850871_a42ea9e8-1f39-47fa-923b-641b63b77c42_501_501.jpg'),
(266, 143, 'Sepatu Mules - Sepatu Selop Flatshoes Zerbi', 'Material : Kanvas. Available Size : 37, 38, 39, 40', 29900, 'https://ecs7.tokopedia.net/img/cache/700/product-1/2017/10/4/6202102/6202102_75977ca7-a27d-4a6f-850f-736e06ce0cda_700_700.jpg'),
(267, 143, 'sepatu flat shoes wanita fs01 hitam', 'size 36-40', 26000, 'https://ecs7.tokopedia.net/img/cache/700/product-1/2018/10/15/0/0_228ad5ee-d097-4347-8045-344a099b03bc_450_600.jpg'),
(268, 143, 'Sepatu Kanvas Flatshoes Kombinasi', 'size : 37-40. sol: semi karet bahan : kanvas', 64800, 'https://ecs7.tokopedia.net/img/cache/700/product-1/2017/10/27/0/0_a92216bd-53b8-4dc3-b446-c0e188e60f98_880_826.jpg'),
(269, 143, 'flatshoes wanita bulu merah', 'size 36-40', 28000, 'https://ecs7.tokopedia.net/img/cache/700/product-1/2018/1/9/0/0_40b95495-4992-4f50-b98f-7071443e9a71_700_700.jpg'),
(270, 143, 'Fendi flat shoes - Kuning', 'size 36-40', 600000, 'https://ecs7.tokopedia.net/img/cache/700/product-1/2018/12/24/1805365/1805365_96c40681-e9a4-4b6c-b55f-78c814694c00_1728_1728.jpg'),
(271, 211, 'kemeja coklat cowok', 'bahan catton', 200000, 'https://s1.bukalapak.com/img/670414148/w-1000/Kemeja_pria_lengan_panjang_harga_murah_Slim_Fit_Bahan_Katun_.jpg'),
(272, 211, 'Short-sleeved Cotton Shirt', 'COMPOSITION Cotton 100%', 181860, 'https://lp2.hm.com/hmgoepprod?set=source[/e0/85/e085baf946871c8cf7942fe76addb5582bf8f78c.jpg],origin[dam],category[],type[DESCRIPTIVESTILLLIFE],res[m],res[s],hmver[1]&call=url[file:/product/main]'),
(273, 211, 'Short-sleeved pink Cotton Shirt', 'COMPOSITION Cotton 100%', 181860, 'https://lp2.hm.com/hmgoepprod?set=source[/5c/0e/5c0eaa0b0148249e33ea6e24c6cda66c32726b02.jpg],origin[dam],category[],type[DESCRIPTIVESTILLLIFE],res[m],res[s],hmver[1]&call=url[file:/product/main]'),
(274, 211, 'kemeja pria navy/biru dongker', 'ukuran M,L,XL', 75000, 'https://ecs7.tokopedia.net/img/cache/700/product-1/2017/10/29/0/0_87a79599-d7a1-414b-8b70-d0d4354b7daf_700_700.jpg'),
(275, 211, 'kemeja pria katun stretch biru muda', 'bahan katun stretch, ukuran all size lebar baju 50cm +-2cm', 56000, 'https://ecs7.tokopedia.net/img/cache/700/product-1/2017/3/28/240277/240277_91bb8dad-eab7-463c-9011-c5ddd0faecb4_640_640.jpg'),
(276, 211, 'Alisan Kemeja Pria Slimfit Panjang Biru', 'Tersedia size 14.5 (S) / 15 (M) / 15.5 (L) / 16 (XL). Bahan : Cotton', 150000, 'https://ecs7.tokopedia.net/img/cache/700/product-1/2019/1/6/45301157/45301157_a721c581-e7f1-4953-b040-f1732a1f6214_2048_2048'),
(277, 211, 'Kemeja Polos Hitam Cowok Panjang', 'ukuran X M L XL', 89000, 'https://ecs7.tokopedia.net/img/cache/700/product-1/2018/3/29/68313620/68313620_d9e0ba94-9b1e-466b-8f42-4c8f807b39e6_768_768.jpg'),
(278, 211, 'Kemeja Lengan Panjang putih Polos', ' ukuran M,L,XL', 75000, 'https://ecs7.tokopedia.net/img/cache/700/product-1/2016/7/31/7720843/7720843_e7df20a0-adea-4167-9674-835a0e2a10ce.jpg'),
(279, 211, 'KEMEJA PANJANG KERJA KANTOR COWOK', 'bahan : FLANNEL SEMI WOOL', 95000, 'https://ecs7.tokopedia.net/img/cache/700/product-1/2018/12/24/259660/259660_4dfec888-e340-4cf3-b494-8abea105486a_2048_2048.jpeg'),
(280, 211, 'Kemeja Slim Fit Pria Polos Kerah', 'Bahan katun ukuran X M L XL', 115900, 'https://ecs7.tokopedia.net/img/cache/700/product-1/2018/11/28/42599477/42599477_3e8fc2dc-07c9-490d-a072-7bf2e39129ab_700_700.jpg'),

(281, 211, 'Kemeja Pria Tangan Panjang Polos |Xman Navy|', 'Warna Ready = Maroon , Navy, Putih, Hitam, Grey. Bahan = Katun Streetch', 53000, 'https://ecs7.tokopedia.net/img/cache/700/product-1/2017/8/16/21638905/21638905_d05ef54c-8d7b-4727-8e19-b4c0fbf5420d_1000_1000.jpg'),
(282, 211, 'KEMEJA POLOS KANTOR KAMPUS', 'Size M L XL', 85000, 'https://ecs7.tokopedia.net/img/cache/700/product-1/2019/1/13/5181203/5181203_1376d93b-da7f-4df9-81d1-37a20d20b202_2048_2048.jpg'),
(283, 211, 'Supplier Batik Kombinasi | Seragam', 'Ukuran X, M, L, XL', 55000, 'https://ecs7.tokopedia.net/img/cache/700/product-1/2019/3/11/268219124/268219124_0c1bee92-1390-4fa3-a61e-36295a09e7d3_983_983.jpg'),
(284, 211, 'Relaxed Fit Resort Shirt', 'COMPOSITION Viscose 100%', 181860, 'https://lp2.hm.com/hmgoepprod?set=source[/2f/d9/2fd9cd43064f1d9de7877cfb4e41aeb7290e614b.jpg],origin[dam],category[men_shirts],type[DESCRIPTIVESTILLLIFE],res[m],res[s],hmver[1]&call=url[file:/product/main]'),
(285, 211, 'Regular Fit Cotton Shirt', 'COMPOSITION Cotton 100%', 181860, 'https://lp2.hm.com/hmgoepprod?set=source[/24/41/24419f2a69f33ca93065a98b526984cc3aca5c1a.jpg],origin[dam],category[men_shirts_casual],type[DESCRIPTIVESTILLLIFE],res[m],res[s],hmver[1]&call=url[file:/product/main]'),
(286, 211, 'Kemeja katun reguler fit', 'COMPOSITION Cotton 100%', 181860, 'https://lp2.hm.com/hmgoepprod?set=source[/04/3d/043d24a5c484297c342c0bc053b7993df239895f.jpg],origin[dam],category[men_shirts_casual],type[DESCRIPTIVESTILLLIFE],res[s],hmver[2]&call=url[file:/product/main]'),
(287, 211, 'Slim Fit Easy-iron Shirt', 'COMPOSITION Polyester 65%, Cotton 35% . SIZE Long sleeve', 209860, 'https://lp2.hm.com/hmgoepprod?set=source[/e5/e3/e5e3adb5e690b729f79685577432440d7668758c.jpg],origin[dam],category[men_shirt_dressed_slimfit],type[DESCRIPTIVESTILLLIFE],res[m],res[s],hmver[1]&call=url[file:/product/main]'),
(288, 211, 'Slim Fit Easy-iron Shirt blue', 'COMPOSITION Polyester 65%, Cotton 35% . SIZE Long sleeve', 209860, 'https://lp2.hm.com/hmgoepprod?set=source[/c3/d6/c3d65b084814f1d85527cfe69fb519abfe808121.jpg],origin[dam],category[men_shirt_dressed_slimfit],type[LOOKBOOK],res[m],res[s],hmver[1]&call=url[file:/product/main]'),
(289, 211, 'Short-sleeved Resort Shirt', 'COMPOSITION Polyester 65%, Cotton 35% . SIZE Long sleeve', 349860, 'https://lp2.hm.com/hmgoepprod?set=source[/23/a5/23a58b732fa78f062c4b14cf4103cd3c02dacabb.jpg],origin[dam],category[men_shirts_shortsleeved],type[DESCRIPTIVESTILLLIFE],res[m],res[s],hmver[1]&call=url[file:/product/main]'),
(290, 211, 'Short-sleeved Resort Shirt black', 'COMPOSITION Viscose 100% . SIZE Short sleeve', 349860, 'https://lp2.hm.com/hmgoepprod?set=source[/dd/cb/ddcb3a3798fbf8b72d0f76de84ee1088a3fe359e.jpg],origin[dam],category[men_shirts_shortsleeved],type[LOOKBOOK],res[m],res[s],hmver[1]&call=url[file:/product/main]'),
(291, 212, 'kaos panjang hitam', 'COMPOSITION Cotton 100%. All size', 181860, 'https://api2.ciptaloka.com/v1/mock/design?imgid=ye4pjww94x&m=452&s=0&z=l&p=1'),
(292, 212, 'Muscle Fit Shirt', 'COMPOSITION Cotton 98%, Elastane 2%', 209860, 'https://lp2.hm.com/hmgoepprod?set=source[/88/c8/88c8063b1819e2a7d73307654e86aeb05001ac84.jpg],origin[dam],category[men_shirt_dressed_slimfit],type[DESCRIPTIVESTILLLIFE],res[m],res[s],hmver[1]&call=url[file:/product/main]'),
(293, 212, 'Resort Shirt', 'COMPOSITION Viscose 100%', 209860, 'https://lp2.hm.com/hmgoepprod?set=source[/cb/a7/cba71f9b8377416342f3804903d7b32eed1643fa.jpg],origin[dam],category[],type[DESCRIPTIVESTILLLIFE],res[m],res[s],hmver[1]&call=url[file:/product/main]'),
(294, 212, 'Slim Fit Shirt', 'COMPOSITION Polyester 65%, Cotton 35%', 181860, 'https://lp2.hm.com/hmgoepprod?set=source[/a4/43/a443c14800242578cd14ade6a0b9fe02c76822c4.jpg],origin[dam],category[men_shirts_casual],type[DESCRIPTIVESTILLLIFE],res[m],res[s],hmver[1]&call=url[file:/product/main]'),
(295, 212, 'Regular Fit Linen-blend Shirt', 'COMPOSITION Cotton 98%, Elastane 2%', 419860, 'https://lp2.hm.com/hmgoepprod?set=source[/70/45/7045c4896a6fd4e32213a71fb15dd6de763e8e5a.jpg],origin[dam],category[men_shirts_longsleeved],type[DESCRIPTIVESTILLLIFE],res[z],hmver[2]&call=url[file:/product/main]'),
(296, 212, 'Regular Fit Linen-blend Shirt blue', 'COMPOSITION Cotton 98%, Elastane 2%', 419860, 'https://lp2.hm.com/hmgoepprod?set=source[/68/6f/686fa99c98e5091afe7978530f54e8f566bb2065.jpg],origin[dam],category[men_shirts_longsleeved],type[LOOKBOOK],res[m],res[s],hmver[1]&call=url[file:/product/main]'),
(297, 212, 'Short-sleeved Cotton Shirt', 'COMPOSITION Cotton 98%, Elastane 2%', 181860, 'https://lp2.hm.com/hmgoepprod?set=source[/5a/33/5a33fd199548aef21f2e09f7e663d65040f88c50.jpg],origin[dam],category[men_shirts],type[DESCRIPTIVESTILLLIFE],res[m],res[s],hmver[1]&call=url[file:/product/main]'),
(298, 212, 'kaos with Motif-White', 'COMPOSITION Cotton 100%. SIZE Short sleeve', 111860, 'https://lp2.hm.com/hmgoepprod?set=source[/a1/44/a144c0e7b8cf3c1f4c2467e2df953a28e52bd0a8.jpg],origin[dam],category[men_tshirtstanks_shortsleeve],type[LOOKBOOK],res[m],res[s],hmver[1]&call=url[file:/product/main]'),
(299, 212, 'kaos dengan Motif - Pink', 'COMPOSITION Cotton 100%. SIZE Short sleeve', 111860, 'https://lp2.hm.com/hmgoepprod?set=source[/ac/dc/acdc57ea0601ff243cbddf020eb2377f0041eac2.jpg],origin[dam],category[men_tshirtstanks_shortsleeve],type[DESCRIPTIVESTILLLIFE],res[m],res[s],hmver[1]&call=url[file:/product/main]'),
(300, 212, 'T-shirt with Motif', 'COMPOSITION Cotton 100%. SIZE Short sleeve', 111860, 'https://lp2.hm.com/hmgoepprod?set=source[/fa/4d/fa4df09f17f9fc587e54e5e02fd257dec9c3998a.jpg],origin[dam],category[men_tshirtstanks_shortsleeve],type[DESCRIPTIVESTILLLIFE],res[m],res[s],hmver[1]&call=url[file:/product/main]'),
(301, 212, 'T-shirt with Motif - white', 'COMPOSITION Cotton 100%. SIZE Short sleeve', 181860, 'https://lp2.hm.com/hmgoepprod?set=source[/6d/71/6d715220c7dc9427d90e86233495ae88505ba35a.jpg],origin[dam],category[men_tshirtstanks_shortsleeve],type[DESCRIPTIVESTILLLIFE],res[m],res[s],hmver[1]&call=url[file:/product/main]'),
(302, 212, 'Regular Fit Cotton T-shirt', 'COMPOSITION Cotton 100%. warna : putih, hitam, abu2', 97860, 'https://lp2.hm.com/hmgoepprod?set=source[/ca/4a/ca4adec9b6c94649a07053437b582f707a39bc5c.jpg],origin[dam],category[men_tshirtstanks_shortsleeve],type[DESCRIPTIVESTILLLIFE],res[m],res[s],hmver[1]&call=url[file:/product/main]'),
(303, 212, 'T-shirt with Printed Design', 'COMPOSITION Copolyester 100%. All size', 251860, 'https://lp2.hm.com/hmgoepprod?set=source[/d0/8d/d08d812fa0f08b02555de95dd367e24ea83cad18.jpg],origin[dam],category[men_tshirtstanks_shortsleeve],type[DESCRIPTIVESTILLLIFE],res[m],res[s],hmver[1]&call=url[file:/product/main]'),
(304, 212, 'T-shirt with Printed Design men', 'COMPOSITION Cotton 100%. size xs, s, m, l, xl', 251860, 'https://lp2.hm.com/hmgoepprod?set=source[/fe/83/fe836fdc6082f1f11c6e5ded6080935bdc387812.jpg],origin[dam],category[men_tshirtstanks_shortsleeve],type[LOOKBOOK],res[m],res[s],hmver[1]&call=url[file:/product/main]'),
(305, 212, '3-pack Regular Fit T-shirts', 'COMPOSITION Cotton 100%', 419860, 'https://lp2.hm.com/hmgoepprod?set=source[/16/fe/16fe03194ba8a18c355f2a4a89b19c9e232c1c4f.jpg],origin[dam],category[men_tshirtstanks_shortsleeve],type[DESCRIPTIVESTILLLIFE],res[s],hmver[2]&call=url[file:/product/main]'),
(306, 212, 'kaos motif biru dongker', 'COMPOSITION Cotton 100%', 181860, 'https://lp2.hm.com/hmgoepprod?set=source[/d7/1a/d71a79795a82d6976ab076d22a86889321a8ced3.jpg],origin[dam],category[men_tshirtstanks_shortsleeve],type[DESCRIPTIVESTILLLIFE],res[m],res[s],hmver[1]&call=url[file:/product/main]'),
(307, 212, 'kaos pantai', 'COMPOSITION Cotton 100%', 181860, 'https://lp2.hm.com/hmgoepprod?set=source[/f6/25/f6255615dc73ab87925d4308d98dec308800992c.jpg],origin[dam],category[men_tshirtstanks_shortsleeve],type[LOOKBOOK],res[m],res[s],hmver[1]&call=url[file:/product/main]'),
(308, 212, 'kaos jersey 3 pack', 'COMPOSITION Cotton 100%', 489860, 'https://lp2.hm.com/hmgoepprod?set=source[/5f/da/5fda1d49236ef2fa0dc3309660784ef7f6a2d37d.jpg],origin[dam],category[men_tshirtstanks_shortsleeve],type[DESCRIPTIVESTILLLIFE],res[m],res[s],hmver[1]&call=url[file:/product/main]'),
(309, 212, 'Tank Top with Motif- black', 'COMPOSITION Cotton 100%. size xs,s,m,l,xl', 181860, 'https://lp2.hm.com/hmgoepprod?set=source[/aa/f1/aaf125ca1488df5bd7ede2b264c09564e1e14e9e.jpg],origin[dam],category[],type[LOOKBOOK],res[m],hmver[1]&call=url[file:/product/main]'),
(310, 212, 'Tank Top dengan motif- biru', 'COMPOSITION Cotton 100%. size xs,s,m,l,xl', 181860, 'https://lp2.hm.com/hmgoepprod?set=source[/4c/1a/4c1ae38063f86e920adf5f3ad597a0923789ab73.jpg],origin[dam],category[],type[LOOKBOOK],res[m],res[s],hmver[1]&call=url[file:/product/main]'),
(311, 212, 'Kaos panjang  jersey - putih', 'COMPOSITION Cotton 100%. size xs,s,m,l,xl', 419860, 'https://lp2.hm.com/hmgoepprod?set=source[/5a/4d/5a4dab06e59b9a388a31ea402ffa0519630fcb8c.jpg],origin[dam],category[men_tshirtstanks_longsleeve],type[DESCRIPTIVESTILLLIFE],res[m],res[s],hmver[1]&call=url[file:/product/main]'),
(312, 212, 'kaos garis hitam-abu', 'COMPOSITION Cotton 100%. size xs,s,m,l,xl', 181860, 'https://lp2.hm.com/hmgoepprod?set=source[/e0/d1/e0d11d28a370589e117e40635d306118312afb84.jpg],origin[dam],category[men_tshirtstanks_shortsleeve],type[LOOKBOOK],res[m],res[s],hmver[1]&call=url[file:/product/main]'),
(313, 212, 'Hooded T-shirt', 'COMPOSITION Cotton 100%. size xs,s,m,l,xl. warna : hitam, putih', 181860, 'https://lp2.hm.com/hmgoepprod?set=source[/c8/5e/c85efd5744469379f1d4acb3d5967f9726f623c3.jpg],origin[dam],category[men_tshirtstanks_shortsleeve],type[LOOKBOOK],res[m],res[s],hmver[1]&call=url[file:/product/main]'),
(314, 212, 'Short-sleeved Parents Shirt', 'COMPOSITION Cotton 100%. size xs,s,m,l,xl', 83860, 'https://lp2.hm.com/hmgoepprod?set=source[/eb/77/eb77786fdf1b9e9e9e6dee4e241ad885a9037b7c.jpg],origin[dam],category[ladies_tops_shortsleeve],type[LOOKBOOK],res[m],res[s],hmver[1]&call=url[file:/product/main]'),
(315, 212, 'kaos panjang hitam-abu', 'COMPOSITION Cotton 100%. size xs,s,m,l,xl', 181860, 'https://ecs7.tokopedia.net/img/cache/700/product-1/2018/7/4/16613298/16613298_46e35067-4d31-4b42-bf16-aa6a6f2da398_640_640.jpeg'),
(316, 212, 'T-shirt with Cuffs', 'COMPOSITION Cotton 100%. size xs,s,m,l,xl', 181860, 'https://lp2.hm.com/hmgoepprod?set=source[/e9/60/e960f51e31df080abeb677f2cfb0725613b4448c.jpg],origin[dam],category[men_tshirtstanks_shortsleeve],type[DESCRIPTIVESTILLLIFE],res[m],res[s],hmver[1]&call=url[file:/product/main]'),
(317, 212, 'Tank top abu-abu polos', 'COMPOSITION Cotton 100%. All size', 200000, 'http://www.kamarpria.com/upload/tank%20top%20abu2%20gelap_20140320160654.jpg'),
(318, 212, 'Tank top Nike', 'COMPOSITION Cotton 100%. All size', 150000, 'https://inkuiri.net/i/large/s2.bukalapak.com%2Fimg%2F270230752%2Flarge%2FNike_589114_010.jpg'),
(319, 212, 'Tank top cowo', 'tersedia warna pink, putih, abu-abu', 175000, 'http://sc01.alicdn.com/kf/HTB1X6C9RXXXXXaVaXXXq6xXFXXXf/Hot-Selling-Mens-Casual-Tank-Top-Plain.jpg'),
(320, 212, 'Tank top adiddas putih', 'COMPOSITION Cotton 100%. All size', 200000, 'https://d2pa5gi5n2e1an.cloudfront.net/service/id/images/mens-fashion/price/4495/4495447/MF_adidas_essentials_tank_top_1.jpg'),
(321, 213, 'Slim Fit Polo Shirt', 'COMPOSITION Cotton 95%, Elastane 5%. Size XS,S,M,L,XL', 209860, 'https://lp2.hm.com/hmgoepprod?set=source[/a2/59/a2594d0818067582cf44402fa1eac950beda3ac6.jpg],origin[dam],category[MEN_TSHIRTSTANKS_POLO],type[LOOKBOOK],res[m],res[s],hmver[1]&call=url[file:/product/main]'),
(322, 213, 'Slim Fit Polo Shirt Black', 'COMPOSITION Cotton 95%, Elastane 5%. Size XS,S,M,L,XL', 209860, 'https://lp2.hm.com/hmgoepprod?set=source[/6a/99/6a99472b27bcc9ade4e98a76fc872e885f3c1eb5.jpg],origin[dam],category[MEN_TSHIRTSTANKS_POLO],type[DESCRIPTIVESTILLLIFE],res[m],res[s],hmver[1]&call=url[file:/product/main]'),
(323, 213, 'Slim Fit Polo Shirt Grey', 'COMPOSITION Cotton 95%, Elastane 5%. Size XS,S,M,L,XL', 209860, 'https://lp2.hm.com/hmgoepprod?set=source[/f1/d8/f1d80a25ca9c33103688a268e2c15935fbc31c53.jpg],origin[dam],category[MEN_TSHIRTSTANKS_POLO],type[DESCRIPTIVESTILLLIFE],res[m],res[s],hmver[1]&call=url[file:/product/main]'),
(324, 213, 'Polo Shirts Hitam-Putih-Abu', 'COMPOSITION Cotton 95%, Elastane 5%. Size XS,S,M,L,XL', 419860, 'https://lp2.hm.com/hmgoepprod?set=source[/be/92/be927b644fbc3c0ff8a694d045e3a8332c036843.jpg],origin[dam],category[MEN_TSHIRTSTANKS_POLO],type[DESCRIPTIVESTILLLIFE],res[m],res[s],hmver[1]&call=url[file:/product/main]'),
(325, 213, 'Silk-blend Polo Shirt', 'COMPOSITION Cotton 70%, Silk 30%. Size XS,S,M,L,XL', 489860, 'https://lp2.hm.com/hmgoepprod?set=source[/a8/48/a848c6f02dd9db198fa1b61af30882da01028fe1.jpg],origin[dam],category[MEN_TSHIRTSTANKS_POLO],type[DESCRIPTIVESTILLLIFE],res[m],res[s],hmver[1]&call=url[file:/product/main]'),
(326, 213, 'Silk-blend Polo Shirt- yellow', 'COMPOSITION Cotton 70%, Silk 30%. Size XS,S,M,L,XL', 489860, 'https://lp2.hm.com/hmgoepprod?set=source[/94/38/94382cc81370cce1a89334ae1df74847a0859c90.jpg],origin[dam],category[MEN_TSHIRTSTANKS_POLO],type[LOOKBOOK],res[m],res[s],hmver[1]&call=url[file:/product/main]'),
(327, 213, 'Silk-blend Polo Shirt- white', 'COMPOSITION Cotton 70%, Silk 30%. Size XS,S,M,L,XL', 489860, 'https://lp2.hm.com/hmgoepprod?set=source[/b1/16/b116b41e314d19ed2bb695608774f98ac9fa8129.jpg],origin[dam],category[MEN_TSHIRTSTANKS_POLO],type[LOOKBOOK],res[m],res[s],hmver[1]&call=url[file:/product/main]'),
(328, 213, 'Polo Shirt Slim fit', 'COMPOSITION Cotton 96%, Elastane 4%', 181860, 'https://lp2.hm.com/hmgoepprod?set=source[/40/51/4051e8d3e5a1b390d31c9136f0e735b5cf002bf3.jpg],origin[dam],category[MEN_TSHIRTSTANKS_POLO],type[DESCRIPTIVESTILLLIFE],res[m],res[s],hmver[1]&call=url[file:/product/main]'),
(329, 213, 'Polo Shirt Slim fit Black&White', 'COMPOSITION Cotton 96%, Elastane 4%', 181860, 'https://lp2.hm.com/hmgoepprod?set=source[/88/c9/88c9189c154d505400fbd8d4b4c6e6d2136814ed.jpg],origin[dam],category[MEN_TSHIRTSTANKS_POLO],type[DESCRIPTIVESTILLLIFE],res[s],hmver[1]&call=url[file:/product/main]'),
(330, 213, 'Polo Shirt Slim fit', 'COMPOSITION Cotton 96%, Elastane 4%', 181860, 'https://lp2.hm.com/hmgoepprod?set=source[/7c/e5/7ce5289200326e44d135eeb3e82bf54bad39f333.jpg],origin[dam],category[MEN_TSHIRTSTANKS_POLO],type[DESCRIPTIVESTILLLIFE],res[s],hmver[1]&call=url[file:/product/main]'),
(331, 213, 'Polo Shirt Slim Fit Panjang', 'COMPOSITION Cotton 96%, Elastane 4%', 181860, 'https://lp2.hm.com/hmgoepprod?set=source[/13/54/1354aeaac606fdca7a7af77e24556b21a47fe0c1.jpg],origin[dam],category[men_tshirtstanks_longsleeve],type[LOOKBOOK],res[m],res[s],hmver[1]&call=url[file:/product/main]'),
(332, 213, 'Polo Shirt Biru Dongker', 'COMPOSITION Cotton 96%, Elastane 4%', 200000, 'https://id-live.slatic.net/original/35ed49db231bdab11494d20b650b2bab.jpg'),
(333, 213, 'Polo Shirt korea', 'Bahan Catton', 200000, 'https://murah.netpriceupdate.com/id/1050/products/original/0ee12d9a0613512be8ef94d8dad31793.jpg'),
(334, 213, 'Polo shirt abu-hitam', 'Bahan Catton. size x,s,m,l', 181000, 'https://murah.netpriceupdate.com/id/1050/products/p/7/korea-fashion-style-siswa-kerah-turndown-slim-kemeja-polo-t-shirt-pada-abu-abu-di-bawah-hitam-3983-83087406-3648066fecfda7a02e5818c1df149147-product.jpg'),
(335, 213, 'Polo shirt Nike', 'Bahan Catton. size x,s,m,l', 200000, 'https://apollo-singapore.akamaized.net/v1/files/n6wgg4zoafok1-ID/image;s=966x691;olx-st/_1_.jpg'),
(336, 213, 'Polo shirt blue', 'Bahan Catton. size x,s,m,l', 250000, 'https://murah.netpriceupdate.com/id/1050/products/p/7/klasik-korea-fashion-style-warna-solid-pria-slim-kemeja-polo-t-shirt-langit-biru-hitam-kerah-7263-26905406-02d045926ba5f1b028acc30e23081995-product.jpg'),
(337, 213, 'Polo shirt blue panjang', 'Bahan Catton. size x,s,m,l', 250000, 'https://id-live-01.slatic.net/original/25414b72939058157619c7fe2cc0674e.jpg'),
(338, 213, 'Polo shirt adiddas', 'Bahan Catton. size x,s,m,l', 250000, 'https://id-test-11.slatic.net/p/8932b0f7318809a0baed325e10fde779.jpg'),
(339, 213, 'Polo shirt grey', 'Bahan Catton. size x,s,m,l', 300000, 'https://lp2.hm.com/hmgoepprod?set=source[/ee/9e/ee9ef850db6b895d02d9bc161efeb85c7ba2271e.jpg],origin[dam],category[men_tshirtstanks_longsleeve],type[LOOKBOOK],res[m],res[s],hmver[1]&call=url[file:/product/main]'),
(340, 213, 'Polo shirt garis-garis', 'Bahan Catton. size x,s,m,l', 350000, 'https://ae01.alicdn.com/kf/HTB1My3dPVXXXXXwXXXXq6xXFXXXC/19-warna-polo-kemeja-pria-2017-lengan-pendek-bergaris-kotak-kotak-mens-polo-kemeja-merek-camisa.jpg'),
(341, 221, 'Skinny Fit Twill Pants', 'COMPOSITION Pocket: Cotton 100%Cotton 98%, Elastane 2%', 419000, 'https://lp2.hm.com/hmgoepprod?set=source[/9a/4f/9a4fbf35224c1ac5b42b86c157072bb6cb839505.jpg],origin[dam],category[],type[DESCRIPTIVESTILLLIFE],res[m],res[s],hmver[1]&call=url[file:/product/main]'),
(342, 221, 'Celana panjang marun', 'COMPOSITION Pocket: Cotton 100%Cotton 98%, Elastane 2%', 419860, 'https://lp2.hm.com/hmgoepprod?set=source[/b5/da/b5dafb283f153bca626069dc8a9a227de8aba267.jpg],origin[dam],category[men_trousers_trousers_skinny_all],type[LOOKBOOK],res[m],res[s],hmver[1]&call=url[file:/product/main]'),
(343, 221, 'Skinny Fit Suit Pants', '  COMPOSITION Pocket lining: Polyester 64%, Cotton 36%Polyester 52%, Viscose 33%, Elastane 15%', 419860, 'https://lp2.hm.com/hmgoepprod?set=source[/c5/92/c5929b0b58a0bd1a373321bd03ea756666fd6210.jpg],origin[dam],category[men_trousers_dressed],type[LOOKBOOK],res[m],res[s],hmver[1]&call=url[file:/product/main]'),
(344, 221, 'Skinny Fit Suit Pants Light Grey', '  COMPOSITION Pocket lining: Polyester 64%, Cotton 36%Polyester 52%, Viscose 33%, Elastane 15%', 419860, 'https://lp2.hm.com/hmgoepprod?set=source[/8c/d4/8cd4fba4d68038a5e5927dd06f69bd0c65022f0c.jpg],origin[dam],category[men_trousers_dressed],type[DESCRIPTIVESTILLLIFE],res[m],res[s],hmver[2]&call=url[file:/product/main]'),
(345, 221, 'Brushed Cotton Twill Joggers', '  COMPOSITION Pocket lining: Cotton 100%Cotton 98%, Elastane 2%', 419860, 'https://lp2.hm.com/hmgoepprod?set=source[/c5/c2/c5c2c498176cbb0b4e4ba91c1059d218ca4dee18.jpg],origin[dam],category[men_trousers_joggers],type[DESCRIPTIVESTILLLIFE],res[m],res[s],hmver[2]&call=url[file:/product/main]'),
(346, 221, 'Brushed Cotton Twill Joggers dark blue', '  COMPOSITION Pocket lining: Cotton 100%Cotton 98%, Elastane 2%', 350000, 'https://lp2.hm.com/hmgoepprod?set=source[/12/7a/127ae0259b4d7d32be3bb2021048d5f2788bd07e.jpg],origin[dam],category[men_trousers_joggers],type[DESCRIPTIVESTILLLIFE],res[m],res[s],hmver[1]&call=url[file:/product/main]'),
(347, 221, 'jelana panjang Cotton Joggers', 'COMPOSITION Cotton 98%, Elastane 2%', 349860, 'https://lp2.hm.com/hmgoepprod?set=source[/04/4f/044f89c135439b475a0ccebbc443ffe2ebe51844.jpg],origin[dam],category[men_trousers_joggers],type[DESCRIPTIVESTILLLIFE],res[m],res[s],hmver[1]&call=url[file:/product/main]'),
(348, 221, 'Joggers with Side Stripes', 'COMPOSITION Cotton 60%, Polyester 35%, Viscose 5%', 350000, 'https://lp2.hm.com/hmgoepprod?set=source[/b3/c7/b3c704ff403458d02719606245219cf0c849d45b.jpg],origin[dam],category[men_trousers_joggers],type[DESCRIPTIVESTILLLIFE],res[m],res[s],hmver[2]&call=url[file:/product/main]'),
(349, 221, 'Joggers with Side Stripes black-red', 'COMPOSITION Cotton 60%, Polyester 35%, Viscose 5%', 350000, 'https://lp2.hm.com/hmgoepprod?set=source[/84/7b/847b01063afb11120ea99a6212f911f8bfed0ec9.jpg],origin[dam],category[men_trousers_joggers],type[LOOKBOOK],res[m],res[s],hmver[1]&call=url[file:/product/main]'),
(350, 221, 'Joggers with Side Stripes blac&white', 'COMPOSITION Cotton 60%, Polyester 35%, Viscose 5%', 350000, 'https://lp2.hm.com/hmgoepprod?set=source[/28/48/2848fdc5d1e0f5e740970d5ad3fcd09f2fc6516f.jpg],origin[dam],category[men_trousers_joggers],type[DESCRIPTIVESTILLLIFE],res[m],res[s],hmver[1]&call=url[file:/product/main]'),
(351, 221, 'Biker Joggers', 'COMPOSITION Cotton 60%, Polyester 35%, Viscose 5%', 349860, 'https://lp2.hm.com/hmgoepprod?set=source[/d9/31/d9312268824128134102a2105bef9011efcbd47d.jpg],origin[dam],category[men_trousers_joggers],type[DESCRIPTIVESTILLLIFE],res[s],hmver[1]&call=url[file:/product/main]'),
(352, 221, 'Skinny Fit Suit Pants', 'COMPOSITION Polyester 77%, Viscose 16%, Wool 6%, Elastane 1%', 419860, 'https://lp2.hm.com/hmgoepprod?set=source[/f0/ba/f0bad97317bb9f2ca61fcfee69933f570ba14603.jpg],origin[dam],category[men_trousers_dressed],type[LOOKBOOK],res[m],res[s],hmver[1]&call=url[file:/product/main]'),
(353, 221, 'Skinny Fit Suit Pants Black', 'COMPOSITION Polyester 77%, Viscose 16%, Wool 6%, Elastane 1%', 419860, 'https://lp2.hm.com/hmgoepprod?set=source[/f0/ac/f0ac030360eba109d29b35a95ffc815adcdbcc58.jpg],origin[dam],category[men_trousers_dressed],type[LOOKBOOK],res[m],res[s],hmver[1]&call=url[file:/product/main]'),
(354, 221, 'Skinny Fit Cotton Chinos', 'COMPOSITION Pocket: Cotton 100%Cotton 98%, Elastane 2%', 349860, 'https://lp2.hm.com/hmgoepprod?set=source[/5b/d5/5bd51c5c515089a899fa602e94454dd374f6969a.jpg],origin[dam],category[men_trousers_chinos_skinny_all],type[LOOKBOOK],res[m],res[s],hmver[1]&call=url[file:/product/main]'),
(355, 221, 'Celana panjang catton', 'COMPOSITION Cotton 98%, Elastane 2%', 349860, 'https://lp2.hm.com/hmgoepprod?set=source[/b5/80/b580b6bf104f867ca34288e14653c72d13e03973.jpg],origin[dam],category[],type[DESCRIPTIVESTILLLIFE],res[m],res[s],hmver[1]&call=url[file:/product/main]'),
(356, 221, 'Suit Pants Skinny fit - Light pink', 'COMPOSITION Pocket lining: Polyester 90%, Cotton 10%Cotton 68%, Lyocell 30%, Elastane 2%', 350000, 'https://lp2.hm.com/hmgoepprod?set=source[/e5/1d/e51d0349c65f05373a4508557e8a512c2a83d380.jpg],origin[dam],category[men_blazerssuits_trousers],type[DESCRIPTIVESTILLLIFE],res[m],res[s],hmver[1]&call=url[file:/product/main]'),
(357, 221, 'Skinny Fit Suit Pants- Light Blue', 'COMPOSITION Pocket: Polyester 65%, Cotton 35%Polyester 76%, Viscose 15%, Elastane 7%, Elastodiene 2%', 419860, 'https://lp2.hm.com/hmgoepprod?set=source[/7f/c8/7fc8db49102e7c140d372c00338c318f4e9f34a8.jpg],origin[dam],category[men_trousers_dressed],type[DESCRIPTIVESTILLLIFE],res[m],res[s],hmver[1]&call=url[file:/product/main]'),
(358, 221, 'Slim Fit Ankle-length Pants', 'COMPOSITION Pocket lining: Polyester 90%, Cotton 10%Polyester 63%, Viscose 35%, Elastane 2%', 669860, 'https://lp2.hm.com/hmgoepprod?set=source[/9d/18/9d18f24476ef7d2dabb9f2c0c46bf844fdb49e24.jpg],origin[dam],category[men_trousers_dressed],type[DESCRIPTIVESTILLLIFE],res[m],res[s],hmver[1]&call=url[file:/product/main]'),
(359, 221, 'Joggers', 'COMPOSITION Cotton 60%, Polyester 40%', 219860, 'https://lp2.hm.com/hmgoepprod?set=source[/d8/26/d826e5bb68f68a6030c6f5b9291c8a2d3b90c0b5.jpg],origin[dam],category[],type[DESCRIPTIVESTILLLIFE],res[m],res[s],hmver[1]&call=url[file:/product/main]'),
(360, 221, 'Relaxed Fit Linen-blend Pants', 'COMPOSITION Pocket: Polyester 65%, Cotton 35%Linen 51%, Cotton 49%', 419860, 'https://lp2.hm.com/hmgoepprod?set=source[/c6/d3/c6d35b077d0b03cae234363b52599c19dcc4746b.jpg],origin[dam],category[men_trousers_casual],type[DESCRIPTIVESTILLLIFE],res[m],res[s],hmver[1]&call=url[file:/product/main]'),
(361, 222, 'Celana pendek putih', 'COMPOSITION Cotton 98%, Elastane 2%', 279860, 'https://lp2.hm.com/hmgoepprod?set=source[/42/fc/42fc8f7baf48f3e718b4dbf5cec19942853267fd.jpg],origin[dam],category[men_shorts],type[DESCRIPTIVESTILLLIFE],res[s],hmver[1]&call=url[file:/product/main]'),
(362, 222, 'Twill Shorts', 'COMPOSITION Cotton 98%, Elastane 2%', 279860, 'https://lp2.hm.com/hmgoepprod?set=source[/d3/3f/d33f527692a4475b4f2b56758eb11c7d31edd71a.jpg],origin[dam],category[men_shorts],type[DESCRIPTIVESTILLLIFE],res[m],res[s],hmver[2]&call=url[file:/product/main]'),
(363, 222, 'Celana pendek hitam', 'COMPOSITION Cotton 98%, Elastane 2%', 279860, 'https://lp2.hm.com/hmgoepprod?set=source[/8e/81/8e81caf1314141eb227507c51732fe3e1379881c.jpg],origin[dam],category[men_shorts],type[DESCRIPTIVESTILLLIFE],res[s],hmver[1]&call=url[file:/product/main]'),
(364, 222, 'Sweatshorts', 'COMPOSITION Cotton 60%, Polyester 40%', 181860, 'https://lp2.hm.com/hmgoepprod?set=source[/81/34/81345d1c9932ba0c309ece762b9fcf1b4cdf277c.jpg],origin[dam],category[],type[DESCRIPTIVESTILLLIFE],res[m],res[s],hmver[1]&call=url[file:/product/main]'),
(365, 222, 'Sweatshorts blue', 'COMPOSITION Cotton 60%, Polyester 40%', 181860, 'https://lp2.hm.com/hmgoepprod?set=source[/d7/51/d7519b05fc70b0b9aa0d9f6be60d6aa60cca617e.jpg],origin[dam],category[men_shorts_basics],type[DESCRIPTIVESTILLLIFE],res[m],res[s],hmver[1]&call=url[file:/product/main]'),
(366, 222, 'Chino Shorts', 'COMPOSITION Cotton 100%', 279860, 'https://lp2.hm.com/hmgoepprod?set=source[/22/74/22748433e52c9a1816ef3ed52a70f984b69a9278.jpg],origin[dam],category[men_shorts],type[DESCRIPTIVESTILLLIFE],res[s],hmver[1]&call=url[file:/product/main]'),
(367, 222, 'Chino Shorts Black/Patterned', 'COMPOSITION Cotton 100%', 279860, 'https://lp2.hm.com/hmgoepprod?set=source[/dc/37/dc3797e0e2156e95db3172917c4859111b263081.jpg],origin[dam],category[men_shorts],type[DESCRIPTIVESTILLLIFE],res[m],res[s],hmver[1]&call=url[file:/product/main]'),
(368, 222, 'celana pendek pink', 'COMPOSITION Cotton 100%', 279860, 'https://lp2.hm.com/hmgoepprod?set=source[/90/c5/90c57cb1a136dcf859d55ccfd7abc1ac5c284110.jpg],origin[dam],category[men_shorts],type[DESCRIPTIVESTILLLIFE],res[s],hmver[2]&call=url[file:/product/main]'),
(369, 222, 'Celana pendek abri', 'COMPOSITION Cotton 100%. size xs,s,m,l,xl', 419860, 'https://lp2.hm.com/hmgoepprod?set=source[/8f/24/8f24c7cd372d32e09e45955ef7f558b0cb948a4b.jpg],origin[dam],category[men_shorts],type[DESCRIPTIVESTILLLIFE],res[m],res[s],hmver[1]&call=url[file:/product/main]'),
(370, 222, 'Celana pendek abri terang', 'COMPOSITION Cotton 100%. size xs,s,m,l,xl', 419860, 'https://lp2.hm.com/hmgoepprod?set=source[/ff/fb/fffba771822324b4eeaad7e3b9cc8fcc9c83f417.jpg],origin[dam],category[men_shorts],type[DESCRIPTIVESTILLLIFE],res[m],res[s],hmver[1]&call=url[file:/product/main]'),
(371, 222, 'Celana pendek kartun', 'COMPOSITION Cotton 80%, Polyester 15%, Viscose 5%', 419860, 'https://lp2.hm.com/hmgoepprod?set=source[/02/58/0258f7cb10486b3536d759af478571549437bdd4.jpg],origin[dam],category[men_shorts],type[DESCRIPTIVESTILLLIFE],res[m],res[s],hmver[1]&call=url[file:/product/main]'),
(372, 222, 'Sweatshorts with Side Stripes', 'COMPOSITION Cotton 60%, Polyester 40%', 279860, 'https://lp2.hm.com/hmgoepprod?set=source[/9c/79/9c7980d7580432d296f5a73132e925ed7f463479.jpg],origin[dam],category[],type[DESCRIPTIVESTILLLIFE],res[m],res[s],hmver[1]&call=url[file:/product/main]'),
(373, 222, 'Patterned Sweatshorts', 'COMPOSITION Cotton 100%', 251860, 'https://lp2.hm.com/hmgoepprod?set=source[/8c/73/8c73a308a4b1c70b81713ed5b020426ffaf5a517.jpg],origin[dam],category[men_shorts],type[DESCRIPTIVESTILLLIFE],res[m],res[s],hmver[1]&call=url[file:/product/main]'),
(374, 222, 'Jacquard-weave City Shorts', 'COMPOSITION Cotton 98%, Elastane 2%', 489860, 'https://lp2.hm.com/hmgoepprod?set=source[/32/25/3225de4d8a8346ac3e3cffeb12db46bf20d2c6a7.jpg],origin[dam],category[men_shorts],type[DESCRIPTIVESTILLLIFE],res[m],res[s],hmver[1]&call=url[file:/product/main]'),
(375, 222, 'Sweatshorts dark blue', 'COMPOSITION Cotton 100%', 419860, 'https://lp2.hm.com/hmgoepprod?set=source[/c1/30/c13085ee2c24c8b870c538041179ebd4a2948570.jpg],origin[dam],category[],type[DESCRIPTIVESTILLLIFE],res[s],hmver[1]&call=url[file:/product/main]'),
(376, 222, 'celana pendek abu-abu', 'COMPOSITION Cotton 80%, Polyester 15%, Viscose 5%', 419860, 'https://lp2.hm.com/hmgoepprod?set=source[/bb/a9/bba9623872df9e750155c1e5bbdc6367ea207d87.jpg],origin[dam],category[men_shorts],type[DESCRIPTIVESTILLLIFE],res[m],res[s],hmver[2]&call=url[file:/product/main]'),
(377, 222, 'Cotton Cargo Shorts', 'COMPOSITION Cotton 100%Pocket: Polyester 100%Waist: Polyester 100%Pocket lining: Cotton 100%', 419860, 'https://lp2.hm.com/hmgoepprod?set=source[/de/76/de76dc9664fbe01656e81870d69f1e724ed1e2ce.jpg],origin[dam],category[],type[DESCRIPTIVESTILLLIFE],res[m],res[s],hmver[1]&call=url[file:/product/main]'),
(378, 222, 'Sports Shorts', 'COMPOSITION Polyester 100%', 419860, 'https://lp2.hm.com/hmgoepprod?set=source[/60/9b/609bef6f1fcb9b0febe375daec2e0d566492be50.jpg],origin[dam],category[men_sport_bottoms],type[DESCRIPTIVESTILLLIFE],res[m],res[s],hmver[1]&call=url[file:/product/main]'),
(379, 222, 'Slim Fit Chino Shorts', 'COMPOSITION Pocket lining: Polyester 64%, Cotton 36%Cotton 98%, Elastane 2%', 419860, 'https://lp2.hm.com/hmgoepprod?set=source[/c9/d1/c9d169adc8f0c715c07690d05d828f0bfd754b12.jpg],origin[dam],category[],type[DESCRIPTIVESTILLLIFE],res[m],res[s],hmver[1]&call=url[file:/product/main]'),
(380, 222, 'Cotton Twill Shorts', 'COMPOSITION Cotton 98%, Elastane 2%', 419000, 'https://lp2.hm.com/hmgoepprod?set=source[/cc/03/cc03402c96c4d044082b8a0e20f2bf209624945b.jpg],origin[dam],category[],type[DESCRIPTIVESTILLLIFE],res[m],res[s],hmver[1]&call=url[file:/product/main]'),
(381, 223, 'Skinny Jeans', 'COMPOSITION Cotton 90%, Polyester 8%, Elastane 2%Pocket lining: Polyester 65%, Cotton 35%', 419860, 'https://lp2.hm.com/hmgoepprod?set=source[/bf/b4/bfb48ea70d7fcf18d822108cbe92b1edeb179bc5.jpg],origin[dam],category[men_jeans_skinny],type[DESCRIPTIVESTILLLIFE],res[m],res[s],hmver[1]&call=url[file:/product/main]'),
(382, 223, 'Light denim blue Jeans', 'COMPOSITION Cotton 90%, Polyester 8%, Elastane 2%Pocket lining: Polyester 65%, Cotton 35%', 419860, 'https://lp2.hm.com/hmgoepprod?set=source[/7d/72/7d72f467e4504ddc7c116150ad042dd8cf7d87d1.jpg],origin[dam],category[],type[DESCRIPTIVESTILLLIFE],res[s],hmver[1]&call=url[file:/product/main]'),
(383, 223, 'Slim Straight Jeans', 'COMPOSITION Cotton 98%, Elastane 2%', 489860, 'https://lp2.hm.com/hmgoepprod?set=source[/36/9e/369e7369da04ade9ecd36fd47f3edb84b9d71f96.jpg],origin[dam],category[men_jeans_slim],type[DESCRIPTIVESTILLLIFE],res[s],hmver[1]&call=url[file:/product/main]'),
(384, 223, 'denim blue', 'COMPOSITION Cotton 98%, Elastane 2%', 419860, 'https://lp2.hm.com/hmgoepprod?set=source[/64/60/64609313a28c8090013b13a14bc6c71cb728b0e6.jpg],origin[dam],category[men_jeans_slim],type[DESCRIPTIVESTILLLIFE],res[s],hmver[1]&call=url[file:/product/main]'),
(385, 223, 'Skinny Jeans black', 'COMPOSITION Cotton 59%, Polyester 39%, Elastane 2%', 489860, 'https://lp2.hm.com/hmgoepprod?set=source[/8a/73/8a733c8e2c79c113bee69cf5c633b52cd4fc3488.jpg],origin[dam],category[men_jeans_skinny],type[LOOKBOOK],res[m],hmver[1]&call=url[file:/product/main]'),
(386, 223, 'Trashed Skinny Jeans', 'COMPOSITION Cotton 59%, Polyester 39%, Elastane 2%', 489860, 'https://lp2.hm.com/hmgoepprod?set=source[/df/85/df85a74554ab0c745e7b6d0736c8174a12f77b22.jpg],origin[dam],category[men_jeans_skinny],type[DESCRIPTIVESTILLLIFE],res[s],hmver[1]&call=url[file:/product/main]'),
(387, 223, 'Skinny Jeans - white', 'COMPOSITION Cotton 99%, Elastane 1%', 419860, 'https://lp2.hm.com/hmgoepprod?set=source[/37/5d/375d4990faa498023f6ee363df7fae9ecfeb823d.jpg],origin[dam],category[men_jeans_skinny],type[LOOKBOOK],res[m],res[s],hmver[1]&call=url[file:/product/main]'),
(388, 223, 'jeans blue denim', 'COMPOSITION Cotton 99%, Elastane 1%', 419860, 'https://lp2.hm.com/hmgoepprod?set=source[/f6/89/f689479aec9beb90c01a94a5f29ff0f9fe268121.jpg],origin[dam],category[men_jeans_skinny],type[DESCRIPTIVESTILLLIFE],res[m],res[s],hmver[1]&call=url[file:/product/main]'),
(389, 223, 'Straight Jeans', 'COMPOSITION Cotton 100%', 419000, 'https://lp2.hm.com/hmgoepprod?set=source[/f3/5b/f35b233d8b0cdb419ee3418b2212e5b3c2a1e73b.jpg],origin[dam],category[men_jeans_slim],type[DESCRIPTIVESTILLLIFE],res[m],res[s],hmver[1]&call=url[file:/product/main]'),
(390, 223, 'jeans panjang denim blue', 'COMPOSITION Cotton 100%', 419000, 'https://lp2.hm.com/hmgoepprod?set=source[/d3/7a/d37a124f4ae92ebafd476abee847877f2e167ed4.jpg],origin[dam],category[men_jeans_straight],type[LOOKBOOK],res[m],res[s],hmver[1]&call=url[file:/product/main]'),
(391, 223, 'Straight Jeans denim blue washed', 'COMPOSITION Cotton 100%', 699860, 'https://lp2.hm.com/hmgoepprod?set=source[/9b/84/9b848d4fcbe05877998b863d21699db877276ddb.jpg],origin[dam],category[men_jeans_slim],type[LOOKBOOK],res[m],res[s],hmver[1]&call=url[file:/product/main]'),
(392, 223, 'Slim Cropped Selvedge Jeans', 'COMPOSITION Cotton 95%, Polyester 4%, Elastane 1%Lining: Cotton 100%', 979860, 'https://lp2.hm.com/hmgoepprod?set=source[/9b/84/9b848d4fcbe05877998b863d21699db877276ddb.jpg],origin[dam],category[men_jeans_slim],type[LOOKBOOK],res[m],res[s],hmver[1]&call=url[file:/product/main]'),
(393, 223, 'Skinny Jeans', 'COMPOSITION Lyocell 66%, Polyester 21%, Viscose 11%, Elastane 2%', 699000, 'https://lp2.hm.com/hmgoepprod?set=source[/d4/0b/d40b79913a77427acb69e00eccca1d8c915276a6.jpg],origin[dam],category[],type[DESCRIPTIVESTILLLIFE],res[m],res[s],hmver[1]&call=url[file:/product/main]'),
(394, 223, 'Skinny Jeans- denim blue', 'COMPOSITION Pocket lining: Cotton 100%Cotton 90%, Polyester 8%, Elastane 2%', 419860, 'https://lp2.hm.com/hmgoepprod?set=source[/c2/a1/c2a1363d857bbb5d2340d6bcd42617103d24c003.jpg],origin[dam],category[men_jeans_skinny],type[DESCRIPTIVESTILLLIFE],res[m],res[s],hmver[1]&call=url[file:/product/main]'),
(395, 223, 'LIGHT DENIM BLUE/TRASHED', 'COMPOSITION Pocket lining: Cotton 100%Cotton 90%, Polyester 8%, Elastane 2%', 319860, 'https://lp2.hm.com/hmgoepprod?set=source[/a0/0c/a00c11c976e7ca74a49699a52f33c683ab010e93.jpg],origin[dam],category[men_shorts_denim],type[DESCRIPTIVESTILLLIFE],res[m],res[s],hmver[1]&call=url[file:/product/main]'),
(396, 223, 'Slim Fit Denim Shorts', 'COMPOSITION Cotton 100%', 519850, 'https://lp2.hm.com/hmgoepprod?set=source[/4d/d7/4dd7b47a76d8617a173c4171f307954bbc9d8d1b.jpg],origin[dam],category[men_shorts_denim],type[DESCRIPTIVESTILLLIFE],res[m],res[s],hmver[1]&call=url[file:/product/main]'),
(397, 223, 'DARK DENIM BLUE', 'COMPOSITION Cotton 100%', 419860, 'https://lp2.hm.com/hmgoepprod?set=source[/74/75/7475f43c0f4eaf82d36c88ca369c73910d782f04.jpg],origin[dam],category[men_shorts_denim],type[DESCRIPTIVESTILLLIFE],res[m],res[s],hmver[1]&call=url[file:/product/main]'),
(398, 223, 'Straight Denim Shorts light blue', 'COMPOSITION Cotton 100%', 419860, 'https://lp2.hm.com/hmgoepprod?set=source[/5c/2f/5c2fa0f1d28b817a2f11f775d9a5147aa44cd25a.jpg],origin[dam],category[men_shorts_denim],type[DESCRIPTIVESTILLLIFE],res[m],res[s],hmver[1]&call=url[file:/product/main]'),
(399, 223, 'Denim Shorts', 'COMPOSITION Lining: Cotton 100%Cotton 73%, Polyester 26%, Elastane 1%', 319860, 'https://lp2.hm.com/hmgoepprod?set=source[/58/f9/58f94b29b04f15198acb7a3736fdb1ea9ae1db74.jpg],origin[dam],category[men_shorts_denim],type[DESCRIPTIVESTILLLIFE],res[m],res[s],hmver[1]&call=url[file:/product/main]'),
(400, 223, 'Denim Shorts - black', 'COMPOSITION Lining: Cotton 100%Cotton 73%, Polyester 26%, Elastane 1%', 319860, 'https://lp2.hm.com/hmgoepprod?set=source[/ef/9d/ef9d0c1d84becf7b7107eb8e4313bdf70e010735.jpg],origin[dam],category[men_shorts_denim],type[DESCRIPTIVESTILLLIFE],res[m],res[s],hmver[1]&call=url[file:/product/main]');
